alert_id,timestamp,device,tier,severity,anomaly_type,csaf_status,vote_total,risk_score,detectors
ALT-00509,2026-01-01 00:32:09,iPad,MEDIUM,0.8613619133603642,overheat,PROBABLE,5,0.9165269469496348,"σ-Data,σ-Err,NDT"
ALT-00441,2026-01-01 00:06:43,iPad,MEDIUM,0.8586903470512319,cpu_spike,PROBABLE,6,0.8120774567294213,"σ-Data,σ-Err,NDT,RRCF"
ALT-00014,2026-01-01 00:06:14,iPhone,MEDIUM,0.8347743648355919,cpu_spike,CONFIRMED,5,0.8301794969482087,"σ-Data,σ-Err,NDT"
ALT-00367,2026-01-01 00:32:52,Apple Watch,MEDIUM,0.8251209252607875,cpu_spike,PROBABLE,5,0.855588249528951,"σ-Data,σ-Err,NDT"
ALT-00073,2026-01-01 00:32:29,iPhone,MEDIUM,0.817958289676698,cpu_spike,PROBABLE,4,0.9251539954816993,"σ-Data,σ-Err"
ALT-00317,2026-01-01 00:12:57,Apple Watch,MEDIUM,0.8056089836780457,network_issue,CONFIRMED,3,0.9837599998326811,σ-Data
ALT-00467,2026-01-01 00:17:43,iPad,MEDIUM,0.7973891858798929,cpu_spike,PROBABLE,5,0.7863893838738955,"σ-Data,σ-Err,NDT"
ALT-00274,2026-01-01 00:48:48,MacBook,MEDIUM,0.7961794169256604,cpu_spike,PROBABLE,3,0.9751618570982177,σ-Err
ALT-00345,2026-01-01 00:23:32,Apple Watch,MEDIUM,0.7953351159067411,cpu_spike,PROBABLE,5,0.8055385061849747,"σ-Data,σ-Err,NDT"
ALT-00297,2026-01-01 00:07:04,Apple Watch,MEDIUM,0.7924926084186207,overheat,CONFIRMED,4,0.85563881153957,"σ-Data,σ-Err"
ALT-00250,2026-01-01 00:42:51,MacBook,MEDIUM,0.7911383505958332,overheat,PROBABLE,4,0.8656130445601751,"σ-Data,σ-Err"
ALT-00279,2026-01-01 00:00:50,Apple Watch,MEDIUM,0.7894083777252523,cpu_spike,CONFIRMED,4,0.8445981073591631,"σ-Data,σ-Err"
ALT-00280,2026-01-01 00:01:05,Apple Watch,MEDIUM,0.7893570286724079,overheat,CONFIRMED,4,0.8764309984597238,"σ-Data,σ-Err"
ALT-00552,2026-01-01 00:48:11,iPad,MEDIUM,0.787060101069771,overheat,PROBABLE,4,0.8774431028673523,"σ-Data,σ-Err"
ALT-00025,2026-01-01 00:12:12,iPhone,MEDIUM,0.7854680905323579,cpu_spike,CONFIRMED,4,0.8670488717834567,"σ-Data,σ-Err"
ALT-00378,2026-01-01 00:37:57,Apple Watch,MEDIUM,0.7740809007445224,memory_pressure,PROBABLE,3,0.939883083255261,σ-Data
ALT-00341,2026-01-01 00:22:16,Apple Watch,MEDIUM,0.7720570778998972,cpu_spike,CONFIRMED,4,0.808984018722051,"σ-Data,σ-Err"
ALT-00404,2026-01-01 00:43:46,Apple Watch,MEDIUM,0.7713966013716181,overheat,PROBABLE,4,0.8400093237555848,"σ-Data,σ-Err"
ALT-00126,2026-01-01 00:48:07,iPhone,MEDIUM,0.7649546477713574,network_issue,PROBABLE,4,0.8375103643270171,"σ-Data,σ-Err"
ALT-00292,2026-01-01 00:05:48,Apple Watch,MEDIUM,0.7621147723717585,cpu_spike,PROBABLE,4,0.8250903458383434,"σ-Data,σ-Err"
ALT-00475,2026-01-01 00:22:50,iPad,MEDIUM,0.7537959306882862,cpu_spike,CONFIRMED,4,0.8035023439599168,"σ-Data,σ-Err"
ALT-00255,2026-01-01 00:44:14,MacBook,MEDIUM,0.7500339977200008,overheat,PROBABLE,4,0.7796862924962976,"σ-Data,σ-Err"
ALT-00221,2026-01-01 00:31:45,MacBook,MEDIUM,0.7481233160980284,overheat,PROBABLE,4,0.8000262149315966,"σ-Data,σ-Err"
ALT-00223,2026-01-01 00:32:56,MacBook,MEDIUM,0.7418455958453076,overheat,PROBABLE,4,0.7942351842726746,"σ-Data,σ-Err"
ALT-00027,2026-01-01 00:13:16,iPhone,MEDIUM,0.7399727276081101,cpu_spike,PROBABLE,4,0.7629175089764797,"σ-Data,σ-Err"
ALT-00054,2026-01-01 00:22:52,iPhone,MEDIUM,0.7398423113071372,network_issue,PROBABLE,3,0.8792265175524109,σ-Data
ALT-00130,2026-01-01 00:48:49,iPhone,MEDIUM,0.7389571101991478,cpu_spike,CONFIRMED,4,0.7575211095911722,"σ-Data,σ-Err"
ALT-00522,2026-01-01 00:38:01,iPad,MEDIUM,0.7360576045162605,cpu_spike,PROBABLE,4,0.7944322954194595,"σ-Data,σ-Err"
ALT-00548,2026-01-01 00:47:33,iPad,MEDIUM,0.7359523497442158,overheat,PROBABLE,4,0.778489723159953,"σ-Data,σ-Err"
ALT-00190,2026-01-01 00:22:13,MacBook,MEDIUM,0.7359356840099711,overheat,PROBABLE,4,0.806374151831652,"σ-Data,σ-Err"
ALT-00472,2026-01-01 00:21:31,iPad,MEDIUM,0.7356047622406314,cpu_spike,PROBABLE,4,0.7842254902732289,"σ-Data,σ-Err"
ALT-00147,2026-01-01 00:05:03,MacBook,MEDIUM,0.7328929852581023,cpu_spike,SUPPRESSED,5,0.6714883087635038,"σ-Data,σ-Err,NDT,RRCF"
ALT-00316,2026-01-01 00:12:47,Apple Watch,MEDIUM,0.7318128672652205,cpu_spike,SUPPRESSED,4,0.8013449354279633,"σ-Data,σ-Err"
ALT-00426,2026-01-01 00:01:51,iPad,MEDIUM,0.7314008253743971,overheat,PROBABLE,4,0.7919683917216888,"σ-Data,σ-Err"
ALT-00294,2026-01-01 00:06:28,Apple Watch,MEDIUM,0.7307175965934242,memory_pressure,CONFIRMED,2,0.9425220323943744,ensemble
ALT-00129,2026-01-01 00:48:44,iPhone,MEDIUM,0.7292939851893967,overheat,CONFIRMED,4,0.7643493148703716,"σ-Data,σ-Err"
ALT-00281,2026-01-01 00:01:20,Apple Watch,MEDIUM,0.7291465965722744,overheat,PROBABLE,4,0.7697710729224345,"σ-Data,σ-Err"
ALT-00282,2026-01-01 00:01:21,Apple Watch,MEDIUM,0.7288594200264095,network_issue,PROBABLE,3,0.8388397741180897,σ-Data
ALT-00210,2026-01-01 00:28:07,MacBook,MEDIUM,0.7271193087357266,overheat,SUPPRESSED,4,0.7941418632463284,"σ-Data,σ-Err"
ALT-00004,2026-01-01 00:01:25,iPhone,MEDIUM,0.7261159949717286,network_issue,PROBABLE,3,0.8545754413423788,σ-Data
ALT-00451,2026-01-01 00:12:47,iPad,MEDIUM,0.7260450820627269,overheat,PROBABLE,4,0.7836193929449367,"σ-Data,σ-Err"
ALT-00148,2026-01-01 00:05:38,MacBook,MEDIUM,0.7251169716361017,cpu_spike,CONFIRMED,4,0.7659708045149612,"σ-Data,σ-Err"
ALT-00300,2026-01-01 00:07:31,Apple Watch,MEDIUM,0.7217716321832884,overheat,CONFIRMED,4,0.7435678088411616,"σ-Data,σ-Err"
ALT-00265,2026-01-01 00:47:46,MacBook,MEDIUM,0.7199171731802394,cpu_spike,PROBABLE,4,0.7722901494365328,"σ-Err,RRCF"
ALT-00043,2026-01-01 00:17:35,iPhone,MEDIUM,0.7188981299215361,network_issue,CONFIRMED,4,0.7232836305002515,"σ-Data,RRCF"
ALT-00183,2026-01-01 00:17:26,MacBook,MEDIUM,0.7171879584824699,overheat,PROBABLE,4,0.7631319429732242,"σ-Data,σ-Err"
ALT-00060,2026-01-01 00:28:43,iPhone,MEDIUM,0.7161970833714051,network_issue,PROBABLE,3,0.8460062091114307,σ-Data
ALT-00188,2026-01-01 00:22:03,MacBook,MEDIUM,0.7124285855290928,cpu_spike,PROBABLE,4,0.7520481792406893,"σ-Data,σ-Err"
ALT-00109,2026-01-01 00:42:22,iPhone,MEDIUM,0.7117895985863627,cpu_spike,PROBABLE,4,0.7233530346809749,"σ-Data,σ-Err"
ALT-00544,2026-01-01 00:45:08,iPad,MEDIUM,0.711555975077689,overheat,PROBABLE,4,0.7324994923816105,"σ-Data,σ-Err"
ALT-00091,2026-01-01 00:38:28,iPhone,MEDIUM,0.7077013698752801,normal,PROBABLE,3,0.8398447960493819,NDT
ALT-00128,2026-01-01 00:48:41,iPhone,MEDIUM,0.7053957267777692,cpu_spike,PROBABLE,4,0.7104590335500003,"σ-Data,σ-Err"
ALT-00383,2026-01-01 00:38:13,Apple Watch,MEDIUM,0.7047961199377067,normal,PROBABLE,4,0.7357628483136984,"NDT,RRCF"
ALT-00175,2026-01-01 00:12:30,MacBook,MEDIUM,0.704328416386677,network_issue,PROBABLE,3,0.8053621754592765,σ-Data
ALT-00350,2026-01-01 00:25:49,Apple Watch,MEDIUM,0.7035923566664853,network_issue,PROBABLE,3,0.8135564677318616,σ-Data
ALT-00189,2026-01-01 00:22:12,MacBook,MEDIUM,0.7005878036658837,network_issue,PROBABLE,3,0.8027067073946712,σ-Data
ALT-00470,2026-01-01 00:21:04,iPad,MEDIUM,0.6999039456556833,cpu_spike,SUPPRESSED,4,0.6924325020187314,"σ-Data,σ-Err,NDT"
ALT-00236,2026-01-01 00:37:37,MacBook,MEDIUM,0.6984727008465008,memory_pressure,PROBABLE,3,0.7807017647739143,σ-Data
ALT-00418,2026-01-01 00:47:43,Apple Watch,MEDIUM,0.6982606903245063,normal,PROBABLE,3,0.8362135662701516,σ-Err
ALT-00513,2026-01-01 00:33:33,iPad,MEDIUM,0.6982351412375483,cpu_spike,SUPPRESSED,4,0.6896511613218396,"σ-Data,σ-Err,NDT"
ALT-00516,2026-01-01 00:36:04,iPad,MEDIUM,0.6965368228158129,overheat,PROBABLE,4,0.7115429083172061,"σ-Data,σ-Err"
ALT-00020,2026-01-01 00:10:05,iPhone,MEDIUM,0.6963350220299803,cpu_spike,PROBABLE,4,0.7076603888883962,"σ-Data,σ-Err"
ALT-00364,2026-01-01 00:32:31,Apple Watch,MEDIUM,0.6962785697126903,memory_pressure,CONFIRMED,2,0.8778305859694288,ensemble
ALT-00007,2026-01-01 00:02:21,iPhone,MEDIUM,0.6932383928299714,overheat,PROBABLE,4,0.7035454695314337,"σ-Data,σ-Err"
ALT-00541,2026-01-01 00:44:45,iPad,MEDIUM,0.6892031498590463,network_issue,SUPPRESSED,3,0.8069506426419367,σ-Data
ALT-00156,2026-01-01 00:07:35,MacBook,MEDIUM,0.6887481790838801,normal,PROBABLE,3,0.7974464126364315,σ-Data
ALT-00270,2026-01-01 00:48:02,MacBook,MEDIUM,0.6884515878482955,network_issue,PROBABLE,3,0.7868464418887305,σ-Data
ALT-00251,2026-01-01 00:42:56,MacBook,MEDIUM,0.688096349216147,cpu_spike,PROBABLE,4,0.7158037957793364,"σ-Data,σ-Err"
ALT-00033,2026-01-01 00:15:35,iPhone,MEDIUM,0.6879167648236623,cpu_spike,SUPPRESSED,4,0.6761575710024,"σ-Data,σ-Err,RRCF"
ALT-00425,2026-01-01 00:01:14,iPad,MEDIUM,0.6856227218725606,cpu_spike,PROBABLE,4,0.7288003521745613,"σ-Data,σ-Err,NDT"
ALT-00374,2026-01-01 00:35:48,Apple Watch,MEDIUM,0.6848502869465944,network_issue,CONFIRMED,3,0.7450091349284154,σ-Data
ALT-00397,2026-01-01 00:41:49,Apple Watch,MEDIUM,0.6844586806668272,normal,SUPPRESSED,4,0.7539099774980895,"σ-Data,σ-Err,NDT"
ALT-00099,2026-01-01 00:38:45,iPhone,MEDIUM,0.6844329104650888,normal,PROBABLE,2,0.8816488215932506,ensemble
ALT-00161,2026-01-01 00:10:26,MacBook,MEDIUM,0.6835851323774857,memory_pressure,CONFIRMED,3,0.7561111187160443,σ-Data
ALT-00021,2026-01-01 00:10:50,iPhone,MEDIUM,0.6814771138070064,normal,PROBABLE,3,0.774684078567233,NDT
ALT-00295,2026-01-01 00:06:35,Apple Watch,MEDIUM,0.6803864113516717,normal,SUPPRESSED,2,0.8976938662483017,ensemble
ALT-00479,2026-01-01 00:23:07,iPad,MEDIUM,0.6795434710803916,normal,PROBABLE,3,0.7927047953622618,RRCF
ALT-00401,2026-01-01 00:42:02,Apple Watch,MEDIUM,0.6773335029349727,normal,PROBABLE,3,0.7640743567434731,σ-Err
ALT-00474,2026-01-01 00:22:42,iPad,MEDIUM,0.6755855061395724,overheat,PROBABLE,3,0.7917467564854366,"σ-Data,σ-Err"
ALT-00551,2026-01-01 00:47:45,iPad,MEDIUM,0.6754578280855449,network_issue,PROBABLE,3,0.7535408245870192,σ-Data
ALT-00160,2026-01-01 00:09:56,MacBook,MEDIUM,0.6741945322309947,network_issue,PROBABLE,3,0.7601632580499553,σ-Data
ALT-00052,2026-01-01 00:22:26,iPhone,MEDIUM,0.6732262033598554,network_issue,PROBABLE,3,0.7793791618220488,σ-Data
ALT-00536,2026-01-01 00:42:07,iPad,MEDIUM,0.6732033345249337,normal,PROBABLE,3,0.7812744860338272,σ-Err
ALT-00256,2026-01-01 00:44:37,MacBook,MEDIUM,0.6722060564976324,normal,PROBABLE,3,0.7702542683381364,σ-Err
ALT-00493,2026-01-01 00:28:03,iPad,MEDIUM,0.6698685913451775,cpu_spike,SUPPRESSED,4,0.6608002515243158,"σ-Data,σ-Err,NDT"
ALT-00110,2026-01-01 00:42:45,iPhone,MEDIUM,0.6681320397112493,cpu_spike,PROBABLE,3,0.7727130929867674,σ-Err
ALT-00184,2026-01-01 00:18:08,MacBook,MEDIUM,0.6672418399486432,memory_pressure,CONFIRMED,3,0.7559657955636611,σ-Data
ALT-00089,2026-01-01 00:38:26,iPhone,MEDIUM,0.6647956652278709,normal,SUPPRESSED,2,0.913878909500469,NDT
ALT-00136,2026-01-01 00:01:15,MacBook,MEDIUM,0.6638755762490441,memory_pressure,PROBABLE,3,0.7512860781939428,σ-Data
ALT-00196,2026-01-01 00:23:48,MacBook,MEDIUM,0.6635116181921721,overheat,SUPPRESSED,3,0.7925886930701014,"σ-Data,σ-Err"
ALT-00447,2026-01-01 00:10:12,iPad,MEDIUM,0.6615232551159895,cpu_spike,SUPPRESSED,3,0.7842317169195175,"σ-Data,σ-Err"
ALT-00400,2026-01-01 00:41:55,Apple Watch,MEDIUM,0.6583067366909026,normal,SUPPRESSED,3,0.8014365390869937,"σ-Err,RRCF"
ALT-00179,2026-01-01 00:16:26,MacBook,MEDIUM,0.6574612243920912,battery_drain,PROBABLE,2,0.7984932542227655,ensemble
ALT-00266,2026-01-01 00:47:48,MacBook,MEDIUM,0.657322715285461,normal,SUPPRESSED,3,0.8008105273370366,"σ-Err,RRCF"
ALT-00362,2026-01-01 00:31:49,Apple Watch,MEDIUM,0.6567527084251288,network_issue,PROBABLE,3,0.7200818528821942,σ-Data
ALT-00209,2026-01-01 00:27:21,MacBook,MEDIUM,0.6536442987529286,cpu_spike,SUPPRESSED,3,0.7491888651016106,"σ-Data,σ-Err"
ALT-00310,2026-01-01 00:12:09,Apple Watch,MEDIUM,0.6511034835263672,network_issue,PROBABLE,3,0.7251908506843305,σ-Data
ALT-00448,2026-01-01 00:11:13,iPad,MEDIUM,0.6507994567605293,normal,PROBABLE,3,0.732015404721799,NDT
ALT-00466,2026-01-01 00:16:21,iPad,MEDIUM,0.6507977293700011,normal,PROBABLE,2,0.8188022143670932,ensemble
ALT-00071,2026-01-01 00:31:57,iPhone,MEDIUM,0.650599256663877,network_issue,SUPPRESSED,2,0.8691743505891479,σ-Data
ALT-00026,2026-01-01 00:12:51,iPhone,MEDIUM,0.6495132744351533,network_issue,PROBABLE,3,0.7366952547845725,σ-Data
ALT-00168,2026-01-01 00:12:07,MacBook,MEDIUM,0.6492837549747807,network_issue,PROBABLE,3,0.7095827115413634,σ-Data
ALT-00098,2026-01-01 00:38:37,iPhone,MEDIUM,0.6492617808200045,normal,PROBABLE,2,0.8391190648822564,RRCF
ALT-00090,2026-01-01 00:38:27,iPhone,MEDIUM,0.6478599278290121,normal,PROBABLE,3,0.7255448855191063,NDT
ALT-00100,2026-01-01 00:38:57,iPhone,MEDIUM,0.646586790786774,normal,PROBABLE,2,0.8266873904953406,ensemble
ALT-00134,2026-01-01 00:00:56,MacBook,MEDIUM,0.6456688970636063,network_issue,SUPPRESSED,2,0.8325121488133284,σ-Data
ALT-00331,2026-01-01 00:16:45,Apple Watch,MEDIUM,0.6422046234238938,normal,PROBABLE,2,0.8174737797761858,ensemble
ALT-00057,2026-01-01 00:26:38,iPhone,MEDIUM,0.6417018063018085,normal,PROBABLE,2,0.8175854382386161,ensemble
ALT-00361,2026-01-01 00:31:46,Apple Watch,MEDIUM,0.6414935426070074,normal,PROBABLE,2,0.8019342321796844,ensemble
ALT-00254,2026-01-01 00:43:20,MacBook,MEDIUM,0.6396163735373402,network_issue,SUPPRESSED,3,0.7397071042687635,"σ-Data,RRCF"
ALT-00385,2026-01-01 00:38:23,Apple Watch,MEDIUM,0.6390089914028814,normal,PROBABLE,2,0.8096327397930521,ensemble
ALT-00453,2026-01-01 00:13:26,iPad,MEDIUM,0.6384747466342611,normal,PROBABLE,3,0.7460374603893711,"NDT,RRCF"
ALT-00553,2026-01-01 00:48:36,iPad,MEDIUM,0.6379463175028575,cpu_spike,SUPPRESSED,3,0.7354361146763982,"σ-Data,σ-Err"
ALT-00269,2026-01-01 00:47:57,MacBook,MEDIUM,0.6367483469092393,cpu_spike,CONFIRMED,3,0.7104690500003763,σ-Err
ALT-00291,2026-01-01 00:05:35,Apple Watch,MEDIUM,0.6352351868229515,cpu_spike,SUPPRESSED,3,0.6865030891493636,"σ-Data,σ-Err"
ALT-00008,2026-01-01 00:02:56,iPhone,MEDIUM,0.6346425160441616,cpu_spike,PROBABLE,3,0.7312243922324695,"σ-Data,σ-Err"
ALT-00463,2026-01-01 00:15:41,iPad,MEDIUM,0.6335610740668504,cpu_spike,SUPPRESSED,3,0.6874166049262321,"σ-Data,σ-Err"
ALT-00508,2026-01-01 00:32:05,iPad,MEDIUM,0.6322581856694716,normal,PROBABLE,3,0.7173233107048732,"σ-Data,NDT"
ALT-00343,2026-01-01 00:22:44,Apple Watch,MEDIUM,0.6313137492056434,normal,SUPPRESSED,2,0.8289557667313454,σ-Data
ALT-00330,2026-01-01 00:16:29,Apple Watch,MEDIUM,0.6289917175565923,normal,PROBABLE,2,0.7878642116192364,ensemble
ALT-00070,2026-01-01 00:31:52,iPhone,MEDIUM,0.628952519833283,memory_pressure,PROBABLE,2,0.770274514518742,ensemble
ALT-00247,2026-01-01 00:42:10,MacBook,MEDIUM,0.6283247491263879,normal,PROBABLE,2,0.7877987438518606,ensemble
ALT-00193,2026-01-01 00:23:34,MacBook,MEDIUM,0.627299666301083,network_issue,SUPPRESSED,3,0.6765249934702892,"σ-Data,NDT"
ALT-00053,2026-01-01 00:22:29,iPhone,MEDIUM,0.6267664526009744,cpu_spike,PROBABLE,3,0.7018387709440411,"σ-Data,σ-Err"
ALT-00386,2026-01-01 00:38:37,Apple Watch,MEDIUM,0.6267387244808644,normal,PROBABLE,2,0.7704904667273667,ensemble
ALT-00108,2026-01-01 00:41:34,iPhone,MEDIUM,0.6259585211886661,battery_drain,PROBABLE,2,0.7617827204996288,ensemble
ALT-00072,2026-01-01 00:31:58,iPhone,MEDIUM,0.6255951753775155,normal,PROBABLE,2,0.7908741323725454,ensemble
ALT-00524,2026-01-01 00:38:55,iPad,MEDIUM,0.6255601311177039,memory_pressure,CONFIRMED,2,0.7520841685415978,ensemble
ALT-00135,2026-01-01 00:01:01,MacBook,MEDIUM,0.6255319714178378,cpu_spike,CONFIRMED,2,0.755525966068654,ensemble
ALT-00419,2026-01-01 00:47:48,Apple Watch,MEDIUM,0.6253651809984648,normal,PROBABLE,2,0.7753516623270783,ensemble
ALT-00239,2026-01-01 00:38:17,MacBook,MEDIUM,0.6251170233728534,normal,PROBABLE,2,0.7823938839209753,ensemble
ALT-00058,2026-01-01 00:27:20,iPhone,MEDIUM,0.6250928594734617,overheat,SUPPRESSED,3,0.6863943887405285,"σ-Data,σ-Err"
ALT-00505,2026-01-01 00:31:11,iPad,MEDIUM,0.6250381848395201,overheat,SUPPRESSED,3,0.687624899812093,"σ-Data,σ-Err"
ALT-00237,2026-01-01 00:37:50,MacBook,MEDIUM,0.6247852923699507,normal,PROBABLE,2,0.7808273757510303,ensemble
ALT-00115,2026-01-01 00:45:32,iPhone,MEDIUM,0.6245359763177887,memory_pressure,CONFIRMED,2,0.7297821827518701,ensemble
ALT-00003,2026-01-01 00:00:38,iPhone,MEDIUM,0.6240103874124944,overheat,SUPPRESSED,3,0.713603533134666,"σ-Data,σ-Err"
ALT-00056,2026-01-01 00:25:44,iPhone,MEDIUM,0.6239103353398476,normal,PROBABLE,2,0.778960503006113,ensemble
ALT-00260,2026-01-01 00:47:23,MacBook,MEDIUM,0.6233665735154126,cpu_spike,SUPPRESSED,3,0.6652992654273098,"σ-Data,σ-Err"
ALT-00263,2026-01-01 00:47:44,MacBook,MEDIUM,0.6222984341471414,normal,SUPPRESSED,3,0.7383153099145879,"σ-Err,NDT"
ALT-00469,2026-01-01 00:20:41,iPad,MEDIUM,0.6213114633827798,overheat,SUPPRESSED,3,0.6747502560733344,"σ-Data,σ-Err"
ALT-00238,2026-01-01 00:38:06,MacBook,MEDIUM,0.6211099878871343,normal,PROBABLE,2,0.7708881372699896,ensemble
ALT-00424,2026-01-01 00:00:52,iPad,MEDIUM,0.620635339224067,normal,SUPPRESSED,2,0.81443105348069,σ-Data
ALT-00224,2026-01-01 00:33:17,MacBook,MEDIUM,0.62004208640225,overheat,SUPPRESSED,3,0.6463664403000462,"σ-Data,σ-Err"
ALT-00024,2026-01-01 00:11:29,iPhone,MEDIUM,0.6192853832571426,cpu_spike,SUPPRESSED,3,0.6633389461951085,"σ-Data,σ-Err"
ALT-00436,2026-01-01 00:06:36,iPad,MEDIUM,0.6187164964435137,normal,SUPPRESSED,2,0.8040396493349372,NDT
ALT-00041,2026-01-01 00:16:56,iPhone,MEDIUM,0.6183292464387212,normal,PROBABLE,2,0.7638820773978687,ensemble
ALT-00176,2026-01-01 00:12:37,MacBook,MEDIUM,0.6167327281192873,normal,SUPPRESSED,2,0.8097651107324632,σ-Data
ALT-00354,2026-01-01 00:26:36,Apple Watch,MEDIUM,0.6161971455884357,normal,PROBABLE,2,0.7674351335358449,ensemble
ALT-00222,2026-01-01 00:32:04,MacBook,MEDIUM,0.6157256797631107,normal,PROBABLE,2,0.7602817353578907,ensemble
ALT-00494,2026-01-01 00:28:24,iPad,MEDIUM,0.6129987695043746,overheat,SUPPRESSED,3,0.6568498010258096,"σ-Data,σ-Err"
ALT-00549,2026-01-01 00:47:34,iPad,MEDIUM,0.6126355244819586,normal,SUPPRESSED,2,0.8151712428787289,σ-Err
ALT-00490,2026-01-01 00:26:31,iPad,MEDIUM,0.6125224366618714,normal,PROBABLE,2,0.7548195368537262,ensemble
ALT-00137,2026-01-01 00:01:51,MacBook,MEDIUM,0.6092307562861324,overheat,SUPPRESSED,3,0.6582180556540209,"σ-Data,σ-Err"
ALT-00387,2026-01-01 00:38:49,Apple Watch,MEDIUM,0.6091601940187149,normal,PROBABLE,2,0.7565800195171244,ensemble
ALT-00464,2026-01-01 00:16:00,iPad,MEDIUM,0.6091535309347976,normal,PROBABLE,2,0.7564912177061867,ensemble
ALT-00478,2026-01-01 00:23:04,iPad,MEDIUM,0.6091055211562995,normal,SUPPRESSED,3,0.716535116264821,"NDT,RRCF"
ALT-00542,2026-01-01 00:44:52,iPad,MEDIUM,0.6084588662152097,normal,SUPPRESSED,2,0.8102531491187712,σ-Err
ALT-00125,2026-01-01 00:48:05,iPhone,MEDIUM,0.607532903406016,normal,PROBABLE,2,0.7723467150968202,σ-Err
ALT-00523,2026-01-01 00:38:33,iPad,MEDIUM,0.6071468766171992,normal,PROBABLE,2,0.7495983465838428,ensemble
ALT-00462,2026-01-01 00:15:21,iPad,MEDIUM,0.6064284829513701,cpu_spike,SUPPRESSED,3,0.6211509441691562,"σ-Data,σ-Err"
ALT-00087,2026-01-01 00:38:04,iPhone,MEDIUM,0.605909476291854,battery_drain,CONFIRMED,2,0.7065524699486049,ensemble
ALT-00405,2026-01-01 00:44:05,Apple Watch,MEDIUM,0.6057232105585717,normal,PROBABLE,2,0.7535129359250323,σ-Data
ALT-00365,2026-01-01 00:32:36,Apple Watch,MEDIUM,0.6056993373190467,normal,PROBABLE,2,0.73576841399117,ensemble
ALT-00485,2026-01-01 00:26:13,iPad,MEDIUM,0.6056616684504132,normal,SUPPRESSED,2,0.7844323534924132,NDT
ALT-00315,2026-01-01 00:12:38,Apple Watch,MEDIUM,0.6056473505303495,normal,SUPPRESSED,2,0.8160258681414372,RRCF
ALT-00249,2026-01-01 00:42:41,MacBook,MEDIUM,0.6050974623692935,battery_drain,PROBABLE,2,0.7298563122754156,ensemble
ALT-00489,2026-01-01 00:26:26,iPad,MEDIUM,0.604908530282264,normal,PROBABLE,2,0.7450017955006235,ensemble
ALT-00124,2026-01-01 00:48:03,iPhone,MEDIUM,0.6048957284372622,normal,PROBABLE,2,0.7432270359832981,ensemble
ALT-00121,2026-01-01 00:47:41,iPhone,MEDIUM,0.6045233773026427,normal,SUPPRESSED,2,0.8035713616788166,RRCF
ALT-00123,2026-01-01 00:47:49,iPhone,MEDIUM,0.6040999013349282,normal,SUPPRESSED,2,0.7903250574790524,σ-Err
ALT-00167,2026-01-01 00:11:43,MacBook,MEDIUM,0.603326481446858,network_issue,SUPPRESSED,2,0.6944330246336521,σ-Data
ALT-00340,2026-01-01 00:22:13,Apple Watch,MEDIUM,0.6025843383524463,normal,SUPPRESSED,2,0.797797680199801,NDT
ALT-00119,2026-01-01 00:47:31,iPhone,MEDIUM,0.6020410534084326,normal,SUPPRESSED,2,0.7825776190780758,NDT
ALT-00353,2026-01-01 00:26:22,Apple Watch,MEDIUM,0.6012943492869646,memory_pressure,PROBABLE,2,0.7132683599227188,ensemble
ALT-00484,2026-01-01 00:26:08,iPad,MEDIUM,0.601203116358259,normal,PROBABLE,2,0.7385586378055007,ensemble
ALT-00290,2026-01-01 00:05:31,Apple Watch,MEDIUM,0.6006953443275989,cpu_spike,SUPPRESSED,3,0.640197377603314,"σ-Data,σ-Err"
ALT-00180,2026-01-01 00:16:32,MacBook,MEDIUM,0.600611851918196,normal,PROBABLE,2,0.7269456791229192,ensemble
ALT-00342,2026-01-01 00:22:20,Apple Watch,MEDIUM,0.5990030934337838,normal,PROBABLE,2,0.7242644149822323,ensemble
ALT-00182,2026-01-01 00:17:10,MacBook,MEDIUM,0.598857355946609,normal,PROBABLE,2,0.7602837601960982,σ-Data
ALT-00095,2026-01-01 00:38:32,iPhone,MEDIUM,0.5984924305612105,normal,SUPPRESSED,2,0.7646670700398442,RRCF
ALT-00262,2026-01-01 00:47:40,MacBook,MEDIUM,0.5983168279795575,normal,SUPPRESSED,2,0.7861593255087819,NDT
ALT-00118,2026-01-01 00:47:29,iPhone,MEDIUM,0.5983027785433533,network_issue,SUPPRESSED,2,0.6934675938685518,σ-Data
ALT-00092,2026-01-01 00:38:29,iPhone,MEDIUM,0.5964715394673707,normal,SUPPRESSED,2,0.7877515079239331,NDT
ALT-00352,2026-01-01 00:26:08,Apple Watch,MEDIUM,0.5961351502945864,normal,PROBABLE,2,0.7120771023428293,ensemble
ALT-00538,2026-01-01 00:44:04,iPad,MEDIUM,0.5949770220854255,battery_drain,PROBABLE,2,0.7292210080141223,ensemble
ALT-00122,2026-01-01 00:47:47,iPhone,MEDIUM,0.5941824956296821,normal,SUPPRESSED,2,0.7602139460464191,σ-Err
ALT-00191,2026-01-01 00:22:31,MacBook,MEDIUM,0.5936585203172734,memory_pressure,SUPPRESSED,2,0.7551181225576861,σ-Data
ALT-00363,2026-01-01 00:32:11,Apple Watch,MEDIUM,0.593062627685673,battery_drain,PROBABLE,2,0.7069562313279735,ensemble
ALT-00420,2026-01-01 00:48:18,Apple Watch,MEDIUM,0.592837238220215,memory_pressure,CONFIRMED,2,0.7197677252581415,ensemble
ALT-00202,2026-01-01 00:25:22,MacBook,MEDIUM,0.5913810446166125,normal,SUPPRESSED,2,0.7665422269181505,σ-Data
ALT-00480,2026-01-01 00:23:08,iPad,MEDIUM,0.5913010201806363,normal,PROBABLE,2,0.7497909263540866,RRCF
ALT-00088,2026-01-01 00:38:25,iPhone,MEDIUM,0.5900563045646053,normal,SUPPRESSED,2,0.7505400346657738,NDT
ALT-00381,2026-01-01 00:38:11,Apple Watch,MEDIUM,0.5898336004065238,normal,PROBABLE,2,0.7385110013711012,NDT
ALT-00242,2026-01-01 00:39:00,MacBook,MEDIUM,0.5893771692419342,normal,PROBABLE,2,0.7137591865536242,ensemble
ALT-00526,2026-01-01 00:40:18,iPad,MEDIUM,0.5888135890014415,overheat,SUPPRESSED,3,0.5869115372246247,"σ-Data,σ-Err"
ALT-00155,2026-01-01 00:07:05,MacBook,MEDIUM,0.5885545700456344,normal,PROBABLE,2,0.7163831438155117,ensemble
ALT-00476,2026-01-01 00:22:59,iPad,MEDIUM,0.586128630655925,normal,SUPPRESSED,2,0.7453421169801506,NDT
ALT-00127,2026-01-01 00:48:12,iPhone,MEDIUM,0.5856100933734731,normal,SUPPRESSED,2,0.6982390445113441,σ-Err
ALT-00539,2026-01-01 00:44:09,iPad,MEDIUM,0.5851996624069662,normal,SUPPRESSED,2,0.73908576676519,NDT
ALT-00267,2026-01-01 00:47:51,MacBook,MEDIUM,0.5851245391265503,normal,SUPPRESSED,2,0.7796489476373033,RRCF
ALT-00096,2026-01-01 00:38:34,iPhone,MEDIUM,0.5847512230146822,normal,SUPPRESSED,2,0.7733066473892947,RRCF
ALT-00491,2026-01-01 00:26:33,iPad,MEDIUM,0.5837892439625565,network_issue,SUPPRESSED,2,0.6984993676116037,σ-Data
ALT-00344,2026-01-01 00:23:00,Apple Watch,MEDIUM,0.5836485466949464,normal,PROBABLE,2,0.7011778515787174,ensemble
ALT-00055,2026-01-01 00:24:43,iPhone,MEDIUM,0.5817006856664306,cpu_spike,SUPPRESSED,3,0.57505669833294,"σ-Data,σ-Err"
ALT-00051,2026-01-01 00:21:59,iPhone,MEDIUM,0.5809451967497098,normal,PROBABLE,2,0.7252223721349914,σ-Data
ALT-00165,2026-01-01 00:11:26,MacBook,MEDIUM,0.5806231809406157,network_issue,SUPPRESSED,2,0.652890486752878,σ-Data
ALT-00268,2026-01-01 00:47:55,MacBook,MEDIUM,0.5804767795514368,normal,SUPPRESSED,2,0.7794266441469416,σ-Err
ALT-00507,2026-01-01 00:31:33,iPad,MEDIUM,0.5803747928065283,network_issue,SUPPRESSED,2,0.6746987287516213,σ-Data
ALT-00273,2026-01-01 00:48:37,MacBook,MEDIUM,0.5800019418188372,normal,SUPPRESSED,2,0.7407166626330431,RRCF
ALT-00074,2026-01-01 00:32:42,iPhone,MEDIUM,0.5793145526819178,normal,SUPPRESSED,2,0.7769946117192139,NDT
ALT-00417,2026-01-01 00:47:42,Apple Watch,MEDIUM,0.5785019300518013,normal,PROBABLE,2,0.7233411450154034,σ-Err
ALT-00246,2026-01-01 00:42:03,MacBook,MEDIUM,0.5782115029687015,normal,SUPPRESSED,2,0.7347863037329004,σ-Err
ALT-00311,2026-01-01 00:12:28,Apple Watch,MEDIUM,0.5782016515008606,normal,PROBABLE,2,0.7317549682749618,NDT
ALT-00351,2026-01-01 00:25:58,Apple Watch,MEDIUM,0.5763494804682547,network_issue,SUPPRESSED,2,0.6605824674470914,σ-Data
ALT-00248,2026-01-01 00:42:12,MacBook,MEDIUM,0.5761367708235913,memory_pressure,SUPPRESSED,2,0.7073027546449066,σ-Data
ALT-00186,2026-01-01 00:21:17,MacBook,MEDIUM,0.5759860513582411,overheat,SUPPRESSED,3,0.5916191341197333,"σ-Data,σ-Err"
ALT-00438,2026-01-01 00:06:39,iPad,MEDIUM,0.5738051400890984,normal,PROBABLE,2,0.7020286586460278,NDT
ALT-00005,2026-01-01 00:01:53,iPhone,MEDIUM,0.5737958293176126,overheat,SUPPRESSED,2,0.6896469925760833,"σ-Data,σ-Err"
ALT-00406,2026-01-01 00:44:08,Apple Watch,MEDIUM,0.5737740574821556,normal,SUPPRESSED,2,0.7486491329480512,σ-Data
ALT-00113,2026-01-01 00:43:10,iPhone,MEDIUM,0.5734364963903104,cpu_spike,SUPPRESSED,2,0.6733922649444544,σ-Err
ALT-00543,2026-01-01 00:45:07,iPad,MEDIUM,0.5732527674481954,normal,SUPPRESSED,2,0.7452822299378852,σ-Err
ALT-00204,2026-01-01 00:26:15,MacBook,MEDIUM,0.5712917750879103,normal,PROBABLE,2,0.7091778041964987,σ-Data
ALT-00409,2026-01-01 00:44:42,Apple Watch,MEDIUM,0.5708400584416913,normal,SUPPRESSED,2,0.7402497050635036,σ-Err
ALT-00006,2026-01-01 00:02:07,iPhone,MEDIUM,0.5696728608121353,overheat,SUPPRESSED,3,0.5772325457980033,"σ-Data,σ-Err"
ALT-00483,2026-01-01 00:24:14,iPad,MEDIUM,0.5692873438537425,overheat,SUPPRESSED,3,0.5651801713745084,"σ-Data,σ-Err"
ALT-00259,2026-01-01 00:47:10,MacBook,MEDIUM,0.5686307020583936,overheat,SUPPRESSED,3,0.6040877350760878,"σ-Data,σ-Err,NDT"
ALT-00153,2026-01-01 00:06:47,MacBook,MEDIUM,0.5679565954972816,normal,SUPPRESSED,2,0.7231571997806597,RRCF
ALT-00359,2026-01-01 00:27:56,Apple Watch,MEDIUM,0.5677495239452556,network_issue,SUPPRESSED,2,0.6536566139828334,σ-Data
ALT-00035,2026-01-01 00:16:42,iPhone,MEDIUM,0.5674317231276614,normal,SUPPRESSED,2,0.7128084059237505,NDT
ALT-00037,2026-01-01 00:16:44,iPhone,MEDIUM,0.5673447544974964,normal,SUPPRESSED,2,0.723572936723598,NDT
ALT-00435,2026-01-01 00:06:34,iPad,MEDIUM,0.5668130549105848,normal,SUPPRESSED,2,0.7236599479256097,NDT
ALT-00540,2026-01-01 00:44:31,iPad,MEDIUM,0.5666718336892865,normal,SUPPRESSED,2,0.721724428162623,σ-Err
ALT-00152,2026-01-01 00:06:45,MacBook,MEDIUM,0.5664132010342703,normal,SUPPRESSED,2,0.7120836645454125,RRCF
ALT-00488,2026-01-01 00:26:20,iPad,MEDIUM,0.5663741011543424,memory_pressure,SUPPRESSED,2,0.6432985532472896,RRCF
ALT-00018,2026-01-01 00:09:24,iPhone,MEDIUM,0.5660121160908731,overheat,SUPPRESSED,2,0.6846321212174713,"σ-Data,σ-Err"
ALT-00366,2026-01-01 00:32:49,Apple Watch,MEDIUM,0.5646134360021863,normal,SUPPRESSED,2,0.7121447166482046,NDT
ALT-00449,2026-01-01 00:11:32,iPad,MEDIUM,0.564597495592452,network_issue,SUPPRESSED,2,0.6308610798652386,σ-Data
ALT-00277,2026-01-01 00:49:08,MacBook,MEDIUM,0.5642913600335656,normal,SUPPRESSED,2,0.7039566968127923,RRCF
ALT-00203,2026-01-01 00:26:14,MacBook,MEDIUM,0.5642441598027672,normal,SUPPRESSED,2,0.7080011641392949,σ-Data
ALT-00379,2026-01-01 00:38:07,Apple Watch,MEDIUM,0.5637525252012439,normal,SUPPRESSED,2,0.7302862952579103,NDT
ALT-00520,2026-01-01 00:36:47,iPad,MEDIUM,0.5635602089811816,network_issue,SUPPRESSED,2,0.6504827534063412,σ-Data
ALT-00201,2026-01-01 00:25:14,MacBook,MEDIUM,0.562969299654376,network_issue,SUPPRESSED,2,0.6271710549795156,σ-Data
ALT-00048,2026-01-01 00:19:35,iPhone,MEDIUM,0.5628536848564359,cpu_spike,SUPPRESSED,3,0.5399413266125784,"σ-Data,σ-Err"
ALT-00550,2026-01-01 00:47:41,iPad,MEDIUM,0.5620946178239044,normal,SUPPRESSED,2,0.7347915105474938,σ-Err
ALT-00432,2026-01-01 00:04:32,iPad,MEDIUM,0.5608395242878212,network_issue,SUPPRESSED,2,0.6125103182574798,σ-Data
ALT-00437,2026-01-01 00:06:37,iPad,MEDIUM,0.5605847328695183,normal,SUPPRESSED,2,0.7317428214619208,NDT
ALT-00329,2026-01-01 00:16:02,Apple Watch,MEDIUM,0.5602963834262581,cpu_spike,SUPPRESSED,2,0.6619973864651528,"σ-Data,σ-Err"
ALT-00097,2026-01-01 00:38:35,iPhone,MEDIUM,0.5593015624362883,normal,SUPPRESSED,2,0.7342187805742115,RRCF
ALT-00132,2026-01-01 00:49:57,iPhone,MEDIUM,0.5592430185237383,cpu_spike,SUPPRESSED,2,0.6700426353253797,"σ-Data,σ-Err"
ALT-00205,2026-01-01 00:26:20,MacBook,MEDIUM,0.5579458402721287,normal,SUPPRESSED,2,0.7046233597812658,NDT
ALT-00468,2026-01-01 00:20:17,iPad,MEDIUM,0.5577450052448387,overheat,SUPPRESSED,2,0.6911236874337083,"σ-Data,σ-Err"
ALT-00407,2026-01-01 00:44:28,Apple Watch,MEDIUM,0.5572267313510109,normal,SUPPRESSED,2,0.720852146100706,σ-Err
ALT-00185,2026-01-01 00:19:18,MacBook,MEDIUM,0.5555006015399584,network_issue,SUPPRESSED,2,0.6462112765261201,σ-Data
ALT-00039,2026-01-01 00:16:47,iPhone,MEDIUM,0.5545676652694989,normal,SUPPRESSED,2,0.6642888850372805,"NDT,RRCF"
ALT-00036,2026-01-01 00:16:43,iPhone,MEDIUM,0.5533359655209962,normal,SUPPRESSED,2,0.7114696139102481,NDT
ALT-00000,2026-01-01 00:00:11,iPhone,MEDIUM,0.5509951667401765,network_issue,SUPPRESSED,2,0.6409154909744784,σ-Data
ALT-00465,2026-01-01 00:16:08,iPad,MEDIUM,0.5509188727853209,cpu_spike,SUPPRESSED,2,0.672877510887927,"σ-Data,σ-Err"
ALT-00114,2026-01-01 00:44:41,iPhone,MEDIUM,0.5505308682208638,normal,SUPPRESSED,2,0.7003589509498896,σ-Err
ALT-00320,2026-01-01 00:13:25,Apple Watch,MEDIUM,0.5502921258741218,network_issue,SUPPRESSED,2,0.6134003451610355,σ-Data
ALT-00408,2026-01-01 00:44:32,Apple Watch,MEDIUM,0.5484956023995833,normal,SUPPRESSED,2,0.7118998103083505,σ-Err
ALT-00492,2026-01-01 00:27:06,iPad,MEDIUM,0.5477144039445851,cpu_spike,SUPPRESSED,2,0.6556768647394823,"σ-Data,σ-Err"
ALT-00512,2026-01-01 00:32:14,iPad,MEDIUM,0.5476900861613749,normal,SUPPRESSED,2,0.7128929781674842,RRCF
ALT-00334,2026-01-01 00:18:55,Apple Watch,MEDIUM,0.5463814998238286,normal,SUPPRESSED,2,0.7362223743374835,NDT
ALT-00380,2026-01-01 00:38:09,Apple Watch,MEDIUM,0.5456943446677708,normal,SUPPRESSED,2,0.710739451199794,NDT
ALT-00079,2026-01-01 00:32:51,iPhone,MEDIUM,0.5452228699697426,normal,SUPPRESSED,2,0.7030953954159749,RRCF
ALT-00111,2026-01-01 00:42:56,iPhone,MEDIUM,0.5449376182111313,network_issue,SUPPRESSED,2,0.593414548870404,σ-Data
ALT-00431,2026-01-01 00:04:25,iPad,MEDIUM,0.5441486590114809,cpu_spike,SUPPRESSED,3,0.5505986229510361,"σ-Data,σ-Err,RRCF"
ALT-00271,2026-01-01 00:48:06,MacBook,MEDIUM,0.543179138214529,normal,SUPPRESSED,2,0.7015728335586662,σ-Err
ALT-00142,2026-01-01 00:03:21,MacBook,MEDIUM,0.5422241923423393,normal,SUPPRESSED,2,0.6832316755367878,"σ-Data,NDT"
ALT-00234,2026-01-01 00:37:17,MacBook,MEDIUM,0.5420348780856608,cpu_spike,SUPPRESSED,2,0.6529879975893054,"σ-Data,σ-Err"
ALT-00112,2026-01-01 00:43:08,iPhone,MEDIUM,0.5417966892838804,network_issue,SUPPRESSED,2,0.6069518072092784,σ-Data
ALT-00384,2026-01-01 00:38:17,Apple Watch,MEDIUM,0.5417804015229095,normal,SUPPRESSED,2,0.7004382247551196,RRCF
ALT-00495,2026-01-01 00:28:52,iPad,MEDIUM,0.5414565774643153,overheat,SUPPRESSED,2,0.6402392776442569,"σ-Data,σ-Err"
ALT-00302,2026-01-01 00:08:32,Apple Watch,MEDIUM,0.5409179636649071,cpu_spike,SUPPRESSED,3,0.5181966061081785,"σ-Data,σ-Err"
ALT-00535,2026-01-01 00:41:59,iPad,MEDIUM,0.5387169138760347,network_issue,SUPPRESSED,2,0.6151721651754007,σ-Data
ALT-00278,2026-01-01 00:49:43,MacBook,MEDIUM,0.5385740388012337,overheat,SUPPRESSED,2,0.654042081124853,"σ-Data,σ-Err"
ALT-00133,2026-01-01 00:00:32,MacBook,MEDIUM,0.5377005814664085,network_issue,SUPPRESSED,2,0.5960120857072267,σ-Data
ALT-00360,2026-01-01 00:28:36,Apple Watch,MEDIUM,0.535453905540377,network_issue,SUPPRESSED,2,0.5739046573821098,σ-Data
ALT-00001,2026-01-01 00:00:28,iPhone,MEDIUM,0.5347760189992585,cpu_spike,SUPPRESSED,2,0.6272544716035503,"σ-Data,σ-Err"
ALT-00358,2026-01-01 00:27:39,Apple Watch,MEDIUM,0.5346776371442145,cpu_spike,SUPPRESSED,2,0.6133516174625797,"σ-Data,σ-Err"
ALT-00486,2026-01-01 00:26:14,iPad,MEDIUM,0.5346390337982582,memory_pressure,SUPPRESSED,2,0.5764093466198034,NDT
ALT-00211,2026-01-01 00:29:31,MacBook,MEDIUM,0.534135132466688,network_issue,SUPPRESSED,2,0.5976326281852208,σ-Data
ALT-00009,2026-01-01 00:03:41,iPhone,MEDIUM,0.5337531791045294,overheat,SUPPRESSED,2,0.6122559305255267,"σ-Data,σ-Err"
ALT-00045,2026-01-01 00:18:51,iPhone,MEDIUM,0.5317895608827615,cpu_spike,SUPPRESSED,2,0.6256545030960646,"σ-Data,σ-Err"
ALT-00187,2026-01-01 00:21:34,MacBook,MEDIUM,0.5290871145727535,overheat,SUPPRESSED,2,0.646586366406481,"σ-Data,σ-Err"
ALT-00034,2026-01-01 00:16:07,iPhone,MEDIUM,0.5288716041801124,cpu_spike,SUPPRESSED,2,0.6349881609264331,"σ-Data,σ-Err"
ALT-00454,2026-01-01 00:13:31,iPad,MEDIUM,0.5282729799765384,network_issue,SUPPRESSED,2,0.6235550455363482,"σ-Data,RRCF"
ALT-00303,2026-01-01 00:09:24,Apple Watch,MEDIUM,0.5269688691088027,cpu_spike,SUPPRESSED,3,0.539011793638129,"σ-Data,σ-Err,NDT"
ALT-00116,2026-01-01 00:46:00,iPhone,MEDIUM,0.5256847773442674,overheat,SUPPRESSED,2,0.6201280668856203,"σ-Data,σ-Err"
ALT-00040,2026-01-01 00:16:48,iPhone,MEDIUM,0.5249871788533333,normal,SUPPRESSED,2,0.65906946389678,"NDT,RRCF"
ALT-00511,2026-01-01 00:32:11,iPad,MEDIUM,0.524679227985088,normal,SUPPRESSED,2,0.6504207386188852,"NDT,RRCF"
ALT-00314,2026-01-01 00:12:33,Apple Watch,MEDIUM,0.5234873657859664,network_issue,SUPPRESSED,3,0.5117777312209384,"σ-Data,NDT,RRCF"
ALT-00459,2026-01-01 00:14:48,iPad,MEDIUM,0.5220912235292675,network_issue,SUPPRESSED,3,0.4683001873635939,"σ-Data,RRCF"
ALT-00455,2026-01-01 00:13:48,iPad,MEDIUM,0.5211474126207399,cpu_spike,SUPPRESSED,2,0.6085113053098694,"σ-Data,σ-Err"
ALT-00506,2026-01-01 00:31:19,iPad,MEDIUM,0.5203868221190304,cpu_spike,SUPPRESSED,2,0.6013401300005842,"σ-Data,σ-Err"
ALT-00443,2026-01-01 00:07:58,iPad,MEDIUM,0.5203240957902264,cpu_spike,SUPPRESSED,2,0.583983435683955,"σ-Data,σ-Err"
ALT-00065,2026-01-01 00:29:45,iPhone,MEDIUM,0.519876499588084,overheat,SUPPRESSED,2,0.6141306012736185,"σ-Data,σ-Err"
ALT-00501,2026-01-01 00:29:06,iPad,MEDIUM,0.5184026083718299,normal,SUPPRESSED,2,0.6219480375655198,"NDT,RRCF"
ALT-00299,2026-01-01 00:07:21,Apple Watch,MEDIUM,0.518211855107086,network_issue,SUPPRESSED,2,0.5727898874918784,σ-Data
ALT-00226,2026-01-01 00:34:29,MacBook,MEDIUM,0.5168001154640033,network_issue,SUPPRESSED,2,0.5630041384772219,σ-Data
ALT-00245,2026-01-01 00:41:31,MacBook,MEDIUM,0.5165418996878375,normal,SUPPRESSED,2,0.6233183533362301,"σ-Err,RRCF"
ALT-00208,2026-01-01 00:27:09,MacBook,MEDIUM,0.5163337293257517,cpu_spike,SUPPRESSED,3,0.49688766123203754,"σ-Data,σ-Err,RRCF"
ALT-00019,2026-01-01 00:09:31,iPhone,MEDIUM,0.5161112217061505,cpu_spike,SUPPRESSED,2,0.6076873190186671,"σ-Data,σ-Err"
ALT-00064,2026-01-01 00:29:20,iPhone,MEDIUM,0.5149831666405535,overheat,SUPPRESSED,2,0.5806671078216303,"σ-Data,σ-Err"
ALT-00094,2026-01-01 00:38:31,iPhone,MEDIUM,0.5137853399437184,normal,SUPPRESSED,2,0.6127232131656379,"NDT,RRCF"
ALT-00015,2026-01-01 00:08:45,iPhone,MEDIUM,0.5136535566138648,cpu_spike,SUPPRESSED,3,0.4835814105132375,"σ-Data,σ-Err,NDT"
ALT-00032,2026-01-01 00:15:33,iPhone,MEDIUM,0.5100795416818358,normal,SUPPRESSED,2,0.6055688098320849,"NDT,RRCF"
ALT-00557,2026-01-01 00:49:30,iPad,MEDIUM,0.5093245660027395,cpu_spike,SUPPRESSED,2,0.5723098000376852,"σ-Data,σ-Err"
ALT-00023,2026-01-01 00:10:54,iPhone,MEDIUM,0.5081087760161327,normal,SUPPRESSED,2,0.6444380906928484,"NDT,RRCF"
ALT-00534,2026-01-01 00:41:31,iPad,MEDIUM,0.5068696325225803,normal,SUPPRESSED,2,0.6598227605696777,"σ-Err,RRCF"
ALT-00059,2026-01-01 00:28:41,iPhone,MEDIUM,0.5046954851528078,cpu_spike,SUPPRESSED,2,0.611354934663998,"σ-Data,σ-Err"
ALT-00482,2026-01-01 00:24:00,iPad,MEDIUM,0.5043032171993975,cpu_spike,SUPPRESSED,2,0.5536105541015488,"σ-Data,σ-Err"
ALT-00177,2026-01-01 00:13:43,MacBook,MEDIUM,0.5042752196627364,network_issue,SUPPRESSED,2,0.5382145555676534,σ-Data
ALT-00066,2026-01-01 00:30:35,iPhone,MEDIUM,0.5041323800542284,overheat,SUPPRESSED,2,0.5508083318450967,"σ-Data,σ-Err"
ALT-00029,2026-01-01 00:13:51,iPhone,MEDIUM,0.5034215604161896,normal,SUPPRESSED,2,0.6365410132939837,"NDT,RRCF"
ALT-00220,2026-01-01 00:31:34,MacBook,MEDIUM,0.5012057669562259,cpu_spike,SUPPRESSED,2,0.6156178689795496,"σ-Data,σ-Err"
ALT-00078,2026-01-01 00:32:48,iPhone,MEDIUM,0.49713628852422687,normal,SUPPRESSED,2,0.6495614761556753,"NDT,RRCF"
ALT-00440,2026-01-01 00:06:42,iPad,MEDIUM,0.4925560773659593,normal,SUPPRESSED,2,0.5780757039937279,"NDT,RRCF"
ALT-00106,2026-01-01 00:41:22,iPhone,MEDIUM,0.4911464108462018,memory_pressure,SUPPRESSED,2,0.5322165700628758,"NDT,RRCF"
ALT-00503,2026-01-01 00:29:45,iPad,MEDIUM,0.48944635429567424,cpu_spike,SUPPRESSED,2,0.5324710081684344,"σ-Data,σ-Err"
ALT-00076,2026-01-01 00:32:46,iPhone,MEDIUM,0.48580803815193985,normal,SUPPRESSED,2,0.5905410344893416,"NDT,RRCF"
ALT-00389,2026-01-01 00:39:29,Apple Watch,MEDIUM,0.4849195594732356,normal,SUPPRESSED,2,0.5773056133029038,"NDT,RRCF"
ALT-00396,2026-01-01 00:41:42,Apple Watch,MEDIUM,0.4806648171747306,network_issue,SUPPRESSED,2,0.4982297090154072,σ-Data
ALT-00159,2026-01-01 00:09:51,MacBook,MEDIUM,0.4763662596077236,network_issue,SUPPRESSED,2,0.49024006230916906,σ-Data
ALT-00162,2026-01-01 00:11:07,MacBook,MEDIUM,0.47183423400574864,network_issue,SUPPRESSED,2,0.5227123326796492,"σ-Data,NDT"
ALT-00525,2026-01-01 00:39:27,iPad,MEDIUM,0.4709888005174095,network_issue,SUPPRESSED,2,0.4997961490104973,"σ-Data,NDT"
ALT-00498,2026-01-01 00:29:03,iPad,MEDIUM,0.4707358800073378,normal,SUPPRESSED,2,0.5648410595696015,"NDT,RRCF"
ALT-00082,2026-01-01 00:35:16,iPhone,MEDIUM,0.4702579240520106,cpu_spike,SUPPRESSED,2,0.5034208313170231,"σ-Data,σ-Err"
ALT-00164,2026-01-01 00:11:15,MacBook,MEDIUM,0.4672328905292179,normal,SUPPRESSED,2,0.5553535766284864,"NDT,RRCF"
ALT-00532,2026-01-01 00:41:09,iPad,MEDIUM,0.4648425168344249,normal,SUPPRESSED,2,0.5522179479318943,"NDT,RRCF"
ALT-00084,2026-01-01 00:35:33,iPhone,MEDIUM,0.4621614390208793,normal,SUPPRESSED,2,0.5416503087466848,"NDT,RRCF"
ALT-00117,2026-01-01 00:46:49,iPhone,MEDIUM,0.4621261522215522,cpu_spike,SUPPRESSED,2,0.5321659818980349,"σ-Data,σ-Err"
ALT-00047,2026-01-01 00:19:27,iPhone,MEDIUM,0.4612062312479307,normal,SUPPRESSED,2,0.5334630852855219,"NDT,RRCF"
ALT-00107,2026-01-01 00:41:26,iPhone,MEDIUM,0.46068547979124796,normal,SUPPRESSED,2,0.5666346175597549,"σ-Err,RRCF"
ALT-00141,2026-01-01 00:02:05,MacBook,MEDIUM,0.46057323747458423,normal,SUPPRESSED,2,0.5374925078950904,"NDT,RRCF"
ALT-00399,2026-01-01 00:41:51,Apple Watch,MEDIUM,0.4602082986632461,normal,SUPPRESSED,2,0.5646345956412085,"NDT,RRCF"
ALT-00017,2026-01-01 00:08:58,iPhone,MEDIUM,0.45716611814362645,overheat,SUPPRESSED,2,0.4832715291540315,"σ-Data,σ-Err"
ALT-00253,2026-01-01 00:43:15,MacBook,MEDIUM,0.45640313109457337,normal,SUPPRESSED,2,0.5536235505661878,"NDT,RRCF"
ALT-00219,2026-01-01 00:31:00,MacBook,MEDIUM,0.4532540690319582,network_issue,SUPPRESSED,2,0.4992531631731766,"σ-Data,RRCF"
ALT-00328,2026-01-01 00:15:54,Apple Watch,MEDIUM,0.44826269996203066,normal,SUPPRESSED,2,0.49411663289268126,"σ-Data,RRCF"
ALT-00077,2026-01-01 00:32:47,iPhone,MEDIUM,0.4452784303436459,normal,SUPPRESSED,2,0.4955286890715722,"NDT,RRCF"
ALT-00337,2026-01-01 00:19:49,Apple Watch,MEDIUM,0.44439535159287136,normal,SUPPRESSED,2,0.5076182823740244,"NDT,RRCF"
ALT-00500,2026-01-01 00:29:05,iPad,MEDIUM,0.4409145720638966,normal,SUPPRESSED,2,0.5070547692480567,"NDT,RRCF"
ALT-00195,2026-01-01 00:23:37,MacBook,MEDIUM,0.44073755122424063,normal,SUPPRESSED,2,0.5308509801457365,"NDT,RRCF"
ALT-00287,2026-01-01 00:03:34,Apple Watch,MEDIUM,0.43990388040665174,normal,SUPPRESSED,2,0.479902386872689,"NDT,RRCF"
ALT-00031,2026-01-01 00:15:32,iPhone,MEDIUM,0.43877222270813104,normal,SUPPRESSED,2,0.519947994575083,"NDT,RRCF"
ALT-00529,2026-01-01 00:41:05,iPad,MEDIUM,0.4352902830220524,network_issue,SUPPRESSED,2,0.49446133875138504,"σ-Data,NDT"
ALT-00151,2026-01-01 00:06:43,MacBook,MEDIUM,0.4328469510015541,normal,SUPPRESSED,2,0.5072850937579932,"NDT,RRCF"
ALT-00044,2026-01-01 00:18:33,iPhone,MEDIUM,0.432842355003032,cpu_spike,SUPPRESSED,2,0.471189626493907,"σ-Data,σ-Err"
ALT-00016,2026-01-01 00:08:51,iPhone,MEDIUM,0.4294061843793526,cpu_spike,SUPPRESSED,2,0.4622644032736015,"σ-Data,σ-Err"
ALT-00081,2026-01-01 00:34:38,iPhone,MEDIUM,0.426279474043791,cpu_spike,SUPPRESSED,2,0.44608636318879713,"σ-Data,σ-Err"
ALT-00547,2026-01-01 00:47:05,iPad,MEDIUM,0.42612094668962414,normal,SUPPRESSED,2,0.440899985957949,"NDT,RRCF"
ALT-00012,2026-01-01 00:04:31,iPhone,MEDIUM,0.42449502633219954,normal,SUPPRESSED,2,0.49917949986582827,"NDT,RRCF"
ALT-00062,2026-01-01 00:28:52,iPhone,MEDIUM,0.42445183841572287,normal,SUPPRESSED,2,0.48162819163607135,"NDT,RRCF"
ALT-00349,2026-01-01 00:25:18,Apple Watch,MEDIUM,0.42261173700912635,normal,SUPPRESSED,2,0.4920451801663414,"NDT,RRCF"
ALT-00371,2026-01-01 00:34:42,Apple Watch,MEDIUM,0.42135843120370664,normal,SUPPRESSED,2,0.5026370925326775,"NDT,RRCF"
ALT-00497,2026-01-01 00:29:02,iPad,MEDIUM,0.4209216435151483,normal,SUPPRESSED,2,0.5052456734533832,"NDT,RRCF"
ALT-00145,2026-01-01 00:03:28,MacBook,MEDIUM,0.41994750189200053,normal,SUPPRESSED,2,0.4725432536880135,"NDT,RRCF"
ALT-00225,2026-01-01 00:34:24,MacBook,MEDIUM,0.4161451607861632,cpu_spike,SUPPRESSED,3,0.3362510465261792,"σ-Data,σ-Err,NDT"
ALT-00228,2026-01-01 00:34:57,MacBook,MEDIUM,0.41533879967772197,normal,SUPPRESSED,2,0.46944174527764765,"NDT,RRCF"
ALT-00519,2026-01-01 00:36:34,iPad,MEDIUM,0.4122522159270583,normal,SUPPRESSED,2,0.40545656487554954,"NDT,RRCF"
ALT-00377,2026-01-01 00:36:45,Apple Watch,MEDIUM,0.4082840958676678,normal,SUPPRESSED,2,0.4534394194796142,"NDT,RRCF"
ALT-00171,2026-01-01 00:12:15,MacBook,MEDIUM,0.39997660531691115,normal,SUPPRESSED,2,0.453972283113478,"NDT,RRCF"
ALT-00063,2026-01-01 00:28:53,iPhone,MEDIUM,0.39967955054090554,normal,SUPPRESSED,2,0.45059465443728575,"NDT,RRCF"
ALT-00390,2026-01-01 00:39:30,Apple Watch,MEDIUM,0.3983242135895617,normal,SUPPRESSED,2,0.44284471058309105,"NDT,RRCF"
ALT-00229,2026-01-01 00:34:58,MacBook,MEDIUM,0.3913790430461227,normal,SUPPRESSED,2,0.4381062689792991,"NDT,RRCF"
ALT-00138,2026-01-01 00:02:00,MacBook,MEDIUM,0.3898880561936782,normal,SUPPRESSED,2,0.39749998833722555,"σ-Data,NDT"
ALT-00429,2026-01-01 00:03:31,iPad,MEDIUM,0.38701731019840335,normal,SUPPRESSED,2,0.45056968480644244,"NDT,RRCF"
ALT-00423,2026-01-01 00:49:55,Apple Watch,MEDIUM,0.3865156998641139,normal,SUPPRESSED,2,0.4108331852463362,"NDT,RRCF"
ALT-00555,2026-01-01 00:48:53,iPad,MEDIUM,0.3859974886050687,normal,SUPPRESSED,2,0.4477716968863205,"NDT,RRCF"
ALT-00427,2026-01-01 00:03:25,iPad,MEDIUM,0.3845611886856768,normal,SUPPRESSED,2,0.4252075734961525,"σ-Data,NDT"
ALT-00286,2026-01-01 00:03:33,Apple Watch,MEDIUM,0.38073937514900735,normal,SUPPRESSED,2,0.4468948226670942,"NDT,RRCF"
ALT-00086,2026-01-01 00:37:02,iPhone,MEDIUM,0.3784230911218407,normal,SUPPRESSED,2,0.4086162144433968,"NDT,RRCF"
ALT-00069,2026-01-01 00:31:24,iPhone,MEDIUM,0.37138011782623925,normal,SUPPRESSED,2,0.394233939140908,"NDT,RRCF"
ALT-00499,2026-01-01 00:29:04,iPad,MEDIUM,0.3669855427831255,normal,SUPPRESSED,2,0.3802176657167786,"NDT,RRCF"
ALT-00284,2026-01-01 00:03:31,Apple Watch,MEDIUM,0.36634968743691565,normal,SUPPRESSED,2,0.39193389511993076,"NDT,RRCF"
ALT-00285,2026-01-01 00:03:32,Apple Watch,MEDIUM,0.36523995729013503,normal,SUPPRESSED,2,0.357628941023465,"NDT,RRCF"
ALT-00068,2026-01-01 00:31:23,iPhone,MEDIUM,0.3646915822402341,normal,SUPPRESSED,2,0.4225856835269415,"NDT,RRCF"
ALT-00356,2026-01-01 00:27:28,Apple Watch,MEDIUM,0.3542460823060826,normal,SUPPRESSED,2,0.36414793853882815,"NDT,RRCF"
ALT-00170,2026-01-01 00:12:13,MacBook,MEDIUM,0.3537292037774966,normal,SUPPRESSED,2,0.37714793077720765,"NDT,RRCF"
ALT-00013,2026-01-01 00:04:32,iPhone,MEDIUM,0.34843998912723173,normal,SUPPRESSED,2,0.3564032620499682,"NDT,RRCF"
ALT-00422,2026-01-01 00:49:54,Apple Watch,MEDIUM,0.3480876454629073,normal,SUPPRESSED,2,0.3498165181906607,"NDT,RRCF"
ALT-00215,2026-01-01 00:30:50,MacBook,MEDIUM,0.34239273302824125,normal,SUPPRESSED,2,0.3167473499843722,"NDT,RRCF"
ALT-00372,2026-01-01 00:34:43,Apple Watch,MEDIUM,0.34060856849005183,normal,SUPPRESSED,2,0.36603865913413225,"NDT,RRCF"
ALT-00140,2026-01-01 00:02:04,MacBook,MEDIUM,0.3385094038720615,normal,SUPPRESSED,2,0.3479550132149921,"NDT,RRCF"
ALT-00200,2026-01-01 00:24:47,MacBook,MEDIUM,0.33562215599570927,normal,SUPPRESSED,2,0.3878064352066693,"NDT,RRCF"
ALT-00457,2026-01-01 00:14:46,iPad,MEDIUM,0.3297392714576577,normal,SUPPRESSED,2,0.27178767465165177,"NDT,RRCF"
ALT-00010,2026-01-01 00:04:26,iPhone,MEDIUM,0.3273124228115486,normal,SUPPRESSED,2,0.31041041224490906,"σ-Data,NDT"
ALT-00518,2026-01-01 00:36:33,iPad,MEDIUM,0.3208844887465983,normal,SUPPRESSED,2,0.3621420574295731,"NDT,RRCF"
ALT-00102,2026-01-01 00:40:06,iPhone,MEDIUM,0.3182992809062724,normal,SUPPRESSED,2,0.30495825266316134,"NDT,RRCF"
ALT-00515,2026-01-01 00:33:56,iPad,MEDIUM,0.316027907582754,normal,SUPPRESSED,2,0.30554225985153893,"NDT,RRCF"
ALT-00214,2026-01-01 00:30:49,MacBook,MEDIUM,0.3120739471243782,normal,SUPPRESSED,2,0.2991407057123472,"NDT,RRCF"
ALT-00216,2026-01-01 00:30:51,MacBook,MEDIUM,0.3066179903338588,normal,SUPPRESSED,2,0.266418188656167,"NDT,RRCF"
ALT-00217,2026-01-01 00:30:52,MacBook,MEDIUM,0.30481972684822844,normal,SUPPRESSED,2,0.2831728127595436,"NDT,RRCF"
ALT-00531,2026-01-01 00:41:08,iPad,MEDIUM,0.3003350613570557,normal,SUPPRESSED,2,0.3019922577919054,"NDT,RRCF"
ALT-00393,2026-01-01 00:40:29,Apple Watch,MEDIUM,0.29411013964977256,normal,SUPPRESSED,2,0.25272266826931333,"NDT,RRCF"
ALT-00394,2026-01-01 00:40:30,Apple Watch,MEDIUM,0.29003349345942675,normal,SUPPRESSED,2,0.24732697879448345,"NDT,RRCF"
ALT-00197,2026-01-01 00:23:58,MacBook,MEDIUM,0.28815510154800844,normal,SUPPRESSED,2,0.2497861191863011,"σ-Data,σ-Err"
ALT-00199,2026-01-01 00:24:46,MacBook,MEDIUM,0.2859791210665181,normal,SUPPRESSED,2,0.24391772373764292,"NDT,RRCF"
ALT-00243,2026-01-01 00:40:36,MacBook,MEDIUM,0.28331647746829536,normal,SUPPRESSED,2,0.2571381424054518,"σ-Data,NDT"
ALT-00213,2026-01-01 00:30:48,MacBook,MEDIUM,0.2798290222513527,normal,SUPPRESSED,2,0.23600357236195993,"NDT,RRCF"
ALT-00306,2026-01-01 00:09:55,Apple Watch,MEDIUM,0.2762240731313462,normal,SUPPRESSED,2,0.2381386527490648,"NDT,RRCF"
ALT-00458,2026-01-01 00:14:47,iPad,MEDIUM,0.27573771025737115,normal,SUPPRESSED,2,0.25469412148406384,"NDT,RRCF"
ALT-00103,2026-01-01 00:40:07,iPhone,MEDIUM,0.2720463840395582,normal,SUPPRESSED,2,0.2522800953002256,"NDT,RRCF"
ALT-00336,2026-01-01 00:19:48,Apple Watch,LOW,0.9142388463644713,latency_spike,PROBABLE,6,0.9161637649423267,"σ-Data,σ-Err,NDT,RRCF"
ALT-00496,2026-01-01 00:29:01,iPad,LOW,0.9015360817808719,latency_spike,CONFIRMED,6,0.8618193955607124,"σ-Data,σ-Err,NDT,RRCF"
ALT-00288,2026-01-01 00:03:36,Apple Watch,LOW,0.9000325716975178,latency_spike,PROBABLE,6,0.8933052614504337,"σ-Data,σ-Err,NDT,RRCF"
ALT-00206,2026-01-01 00:26:24,MacBook,LOW,0.8891381246564339,latency_spike,PROBABLE,6,0.8921065959271891,"σ-Data,σ-Err,NDT,RRCF"
ALT-00283,2026-01-01 00:03:30,Apple Watch,LOW,0.8826447890496716,latency_spike,PROBABLE,6,0.8470557739585238,"σ-Data,σ-Err,NDT,RRCF"
ALT-00348,2026-01-01 00:25:17,Apple Watch,LOW,0.8763140068207819,latency_spike,CONFIRMED,6,0.8138332323280528,"σ-Data,σ-Err,NDT,RRCF"
ALT-00240,2026-01-01 00:38:38,MacBook,LOW,0.8641751589557738,overheat,PROBABLE,4,0.9863756089049845,"σ-Data,σ-Err"
ALT-00150,2026-01-01 00:06:42,MacBook,LOW,0.8630080223341209,latency_spike,CONFIRMED,6,0.8107796056412788,"σ-Data,σ-Err,NDT,RRCF"
ALT-00104,2026-01-01 00:41:20,iPhone,LOW,0.8600506539928151,latency_spike,PROBABLE,6,0.8429452321243451,"σ-Data,σ-Err,NDT,RRCF"
ALT-00120,2026-01-01 00:47:38,iPhone,LOW,0.8521194414801065,latency_spike,PROBABLE,6,0.8109352199756125,"σ-Data,σ-Err,NDT,RRCF"
ALT-00022,2026-01-01 00:10:53,iPhone,LOW,0.841204356783815,latency_spike,CONFIRMED,6,0.7538591131582101,"σ-Data,σ-Err,NDT,RRCF"
ALT-00487,2026-01-01 00:26:17,iPad,LOW,0.8399452308429449,latency_spike,CONFIRMED,6,0.7858227553949546,"σ-Data,σ-Err,NDT,RRCF"
ALT-00298,2026-01-01 00:07:19,Apple Watch,LOW,0.8275933934123954,overheat,PROBABLE,4,0.9226422314422484,"σ-Data,σ-Err"
ALT-00312,2026-01-01 00:12:31,Apple Watch,LOW,0.8268489849096127,latency_spike,CONFIRMED,6,0.7327903259826914,"σ-Data,σ-Err,NDT,RRCF"
ALT-00257,2026-01-01 00:45:10,MacBook,LOW,0.8240391929142389,latency_spike,PROBABLE,5,0.8240728738979112,"σ-Data,σ-Err,NDT"
ALT-00178,2026-01-01 00:16:19,MacBook,LOW,0.8135284423728539,overheat,PROBABLE,4,0.9274633081859822,"σ-Data,σ-Err"
ALT-00477,2026-01-01 00:23:02,iPad,LOW,0.8054340861790579,latency_spike,PROBABLE,6,0.721942992275797,"σ-Data,σ-Err,NDT,RRCF"
ALT-00510,2026-01-01 00:32:10,iPad,LOW,0.8035406410130844,latency_spike,PROBABLE,5,0.7982097604027188,"σ-Data,σ-Err,NDT"
ALT-00439,2026-01-01 00:06:41,iPad,LOW,0.802213321805115,latency_spike,PROBABLE,6,0.7302,"σ-Data,σ-Err,NDT,RRCF"
ALT-00181,2026-01-01 00:16:51,MacBook,LOW,0.7989535567831788,overheat,PROBABLE,4,0.9261397093448548,"σ-Data,σ-Err"
ALT-00357,2026-01-01 00:27:31,Apple Watch,LOW,0.7977225610435693,overheat,CONFIRMED,5,0.7805698454829207,"σ-Data,σ-Err,RRCF"
ALT-00388,2026-01-01 00:39:28,Apple Watch,LOW,0.7976453301146373,latency_spike,PROBABLE,6,0.7201150905224282,"σ-Data,σ-Err,NDT,RRCF"
ALT-00481,2026-01-01 00:23:38,iPad,LOW,0.7971755427764872,latency_spike,CONFIRMED,5,0.7994038303372152,"σ-Data,σ-Err,RRCF"
ALT-00264,2026-01-01 00:47:45,MacBook,LOW,0.7924605481625381,latency_spike,PROBABLE,5,0.7781749876783042,"σ-Data,σ-Err,RRCF"
ALT-00169,2026-01-01 00:12:12,MacBook,LOW,0.7923801739856394,latency_spike,PROBABLE,6,0.7016222425103643,"σ-Data,σ-Err,NDT,RRCF"
ALT-00502,2026-01-01 00:29:07,iPad,LOW,0.7845983760057854,latency_spike,PROBABLE,5,0.7820111055278508,"σ-Data,σ-Err,RRCF"
ALT-00398,2026-01-01 00:41:50,Apple Watch,LOW,0.778469547233565,latency_spike,SUPPRESSED,5,0.8095656139139102,"σ-Data,σ-Err,NDT,RRCF"
ALT-00339,2026-01-01 00:22:08,Apple Watch,LOW,0.7772756912471807,cpu_spike,PROBABLE,5,0.7686047140698692,"σ-Data,σ-Err,NDT"
ALT-00143,2026-01-01 00:03:26,MacBook,LOW,0.7759981097175171,latency_spike,PROBABLE,5,0.7781900973312079,"σ-Data,σ-Err,NDT"
ALT-00434,2026-01-01 00:05:20,iPad,LOW,0.7702109186810322,overheat,CONFIRMED,5,0.7114626422461648,"σ-Data,σ-Err,RRCF"
ALT-00430,2026-01-01 00:04:20,iPad,LOW,0.76574134050914,latency_spike,CONFIRMED,5,0.7416511899562586,"σ-Data,σ-Err,RRCF"
ALT-00154,2026-01-01 00:06:59,MacBook,LOW,0.7630093368776558,latency_spike,PROBABLE,4,0.8463772368456849,"σ-Data,σ-Err"
ALT-00075,2026-01-01 00:32:45,iPhone,LOW,0.7574321029195902,latency_spike,SUPPRESSED,5,0.7614304258346499,"σ-Data,σ-Err,NDT,RRCF"
ALT-00231,2026-01-01 00:35:27,MacBook,LOW,0.7552264663711636,latency_spike,PROBABLE,5,0.7087107772852728,"σ-Data,σ-Err,RRCF"
ALT-00309,2026-01-01 00:11:50,Apple Watch,LOW,0.75211729240677,cpu_spike,CONFIRMED,5,0.7002897689846914,"σ-Data,σ-Err,NDT"
ALT-00319,2026-01-01 00:13:10,Apple Watch,LOW,0.7511265195796484,overheat,PROBABLE,4,0.8037172104685923,"σ-Data,σ-Err"
ALT-00347,2026-01-01 00:23:44,Apple Watch,LOW,0.7503402519210068,overheat,CONFIRMED,4,0.7728628856789201,"σ-Data,σ-Err"
ALT-00192,2026-01-01 00:23:04,MacBook,LOW,0.7470185767416978,overheat,PROBABLE,4,0.8123850954187486,"σ-Data,σ-Err"
ALT-00450,2026-01-01 00:11:41,iPad,LOW,0.7419810483118654,overheat,PROBABLE,4,0.8003159504841016,"σ-Data,σ-Err"
ALT-00275,2026-01-01 00:48:49,MacBook,LOW,0.7394354406312408,latency_spike,PROBABLE,4,0.8094615896147911,"σ-Data,σ-Err"
ALT-00305,2026-01-01 00:09:54,Apple Watch,LOW,0.7380992214818053,latency_spike,SUPPRESSED,5,0.7386450617510025,"σ-Data,σ-Err,NDT,RRCF"
ALT-00093,2026-01-01 00:38:30,iPhone,LOW,0.7363394266263271,latency_spike,SUPPRESSED,5,0.6772323777105451,"σ-Data,σ-Err,NDT,RRCF"
ALT-00038,2026-01-01 00:16:46,iPhone,LOW,0.7357100207745955,latency_spike,PROBABLE,5,0.7137989992818837,"σ-Data,σ-Err,NDT,RRCF"
ALT-00514,2026-01-01 00:33:55,iPad,LOW,0.7325370266271896,latency_spike,SUPPRESSED,5,0.6990325253257013,"σ-Data,σ-Err,NDT,RRCF"
ALT-00517,2026-01-01 00:36:32,iPad,LOW,0.7325366659808755,latency_spike,SUPPRESSED,5,0.6597833321903482,"σ-Data,σ-Err,NDT,RRCF"
ALT-00433,2026-01-01 00:05:19,iPad,LOW,0.7324989878318406,latency_spike,SUPPRESSED,5,0.6987028567960815,"σ-Data,σ-Err,NDT,RRCF"
ALT-00194,2026-01-01 00:23:36,MacBook,LOW,0.7316006358496584,latency_spike,SUPPRESSED,5,0.6609220182492369,"σ-Data,σ-Err,NDT,RRCF"
ALT-00368,2026-01-01 00:33:10,Apple Watch,LOW,0.7282618341597397,overheat,CONFIRMED,4,0.7371411498806542,"σ-Data,σ-Err"
ALT-00545,2026-01-01 00:47:03,iPad,LOW,0.7274822096979701,latency_spike,SUPPRESSED,5,0.6791811562582805,"σ-Data,σ-Err,NDT,RRCF"
ALT-00452,2026-01-01 00:13:25,iPad,LOW,0.7159721831785064,latency_spike,SUPPRESSED,5,0.664599794268013,"σ-Data,σ-Err,NDT,RRCF"
ALT-00375,2026-01-01 00:35:49,Apple Watch,LOW,0.7114257428139604,cpu_spike,CONFIRMED,4,0.7282464285298745,"σ-Data,σ-Err"
ALT-00146,2026-01-01 00:05:02,MacBook,LOW,0.7110531400507109,latency_spike,SUPPRESSED,5,0.6537962064267775,"σ-Data,σ-Err,NDT,RRCF"
ALT-00369,2026-01-01 00:33:19,Apple Watch,LOW,0.7109623196604516,cpu_spike,CONFIRMED,4,0.7271608810940934,"σ-Data,σ-Err"
ALT-00332,2026-01-01 00:18:22,Apple Watch,LOW,0.7104072521797032,overheat,PROBABLE,4,0.7220191492131115,"σ-Data,σ-Err"
ALT-00244,2026-01-01 00:41:27,MacBook,LOW,0.7067816672114309,latency_spike,SUPPRESSED,5,0.6429727641132426,"σ-Data,σ-Err,NDT,RRCF"
ALT-00105,2026-01-01 00:41:21,iPhone,LOW,0.7061468134315942,latency_spike,SUPPRESSED,5,0.6417261705341385,"σ-Data,σ-Err,NDT,RRCF"
ALT-00370,2026-01-01 00:34:41,Apple Watch,LOW,0.7036278358137159,latency_spike,SUPPRESSED,5,0.6212103798267526,"σ-Data,σ-Err,NDT,RRCF"
ALT-00241,2026-01-01 00:38:41,MacBook,LOW,0.6963593424050593,overheat,PROBABLE,4,0.7127622332548307,"σ-Data,σ-Err"
ALT-00258,2026-01-01 00:45:14,MacBook,LOW,0.6950080200531158,overheat,SUPPRESSED,4,0.6842726260144523,"σ-Data,σ-Err,RRCF"
ALT-00530,2026-01-01 00:41:07,iPad,LOW,0.6934835730832902,latency_spike,SUPPRESSED,5,0.5983985477314097,"σ-Data,σ-Err,NDT,RRCF"
ALT-00546,2026-01-01 00:47:04,iPad,LOW,0.6915794054480763,latency_spike,SUPPRESSED,5,0.6155635121371614,"σ-Data,σ-Err,NDT,RRCF"
ALT-00335,2026-01-01 00:18:56,Apple Watch,LOW,0.6911717160324025,cpu_spike,SUPPRESSED,4,0.6926936007947447,"σ-Data,σ-Err,NDT"
ALT-00304,2026-01-01 00:09:29,Apple Watch,LOW,0.6910054719418874,cpu_spike,SUPPRESSED,4,0.6856062669410242,"σ-Data,σ-Err,NDT"
ALT-00346,2026-01-01 00:23:35,Apple Watch,LOW,0.6871832596474013,cpu_spike,SUPPRESSED,4,0.6774816939410494,"σ-Data,σ-Err,NDT"
ALT-00131,2026-01-01 00:49:09,iPhone,LOW,0.6857841153129409,latency_spike,SUPPRESSED,4,0.6909601533597224,"σ-Data,σ-Err,RRCF"
ALT-00392,2026-01-01 00:40:28,Apple Watch,LOW,0.6837518236161552,latency_spike,SUPPRESSED,5,0.5943374638536322,"σ-Data,σ-Err,NDT,RRCF"
ALT-00402,2026-01-01 00:42:25,Apple Watch,LOW,0.6796102503414125,cpu_spike,PROBABLE,3,0.799712874818852,"σ-Data,σ-Err"
ALT-00272,2026-01-01 00:48:34,MacBook,LOW,0.6774481725084471,latency_spike,SUPPRESSED,4,0.6587099171437082,"σ-Data,σ-Err,RRCF"
ALT-00373,2026-01-01 00:35:09,Apple Watch,LOW,0.6764806104742571,latency_spike,SUPPRESSED,4,0.6698045295997033,"σ-Data,σ-Err,RRCF"
ALT-00011,2026-01-01 00:04:30,iPhone,LOW,0.6747940138955688,latency_spike,SUPPRESSED,4,0.6952939236517652,"σ-Data,σ-Err,NDT,RRCF"
ALT-00028,2026-01-01 00:13:50,iPhone,LOW,0.6722320627464284,latency_spike,SUPPRESSED,5,0.5808638205975626,"σ-Data,σ-Err,NDT,RRCF"
ALT-00049,2026-01-01 00:21:24,iPhone,LOW,0.6698453860788031,overheat,SUPPRESSED,4,0.6766579385277887,"σ-Data,σ-Err,NDT"
ALT-00046,2026-01-01 00:19:26,iPhone,LOW,0.6675760192043688,latency_spike,SUPPRESSED,4,0.6510072365322526,"σ-Data,σ-Err,NDT"
ALT-00218,2026-01-01 00:30:53,MacBook,LOW,0.6670728243991535,latency_spike,SUPPRESSED,4,0.6444779198457886,"σ-Data,σ-Err,RRCF"
ALT-00227,2026-01-01 00:34:56,MacBook,LOW,0.6649608789527826,latency_spike,SUPPRESSED,4,0.666738277083249,"σ-Data,σ-Err,NDT"
ALT-00456,2026-01-01 00:14:45,iPad,LOW,0.6642254432809984,latency_spike,SUPPRESSED,5,0.563600687656575,"σ-Data,σ-Err,NDT,RRCF"
ALT-00172,2026-01-01 00:12:16,MacBook,LOW,0.6633065301846105,latency_spike,SUPPRESSED,4,0.6342678936434555,"σ-Data,σ-Err,RRCF"
ALT-00061,2026-01-01 00:28:51,iPhone,LOW,0.6626400308946108,latency_spike,SUPPRESSED,4,0.6762375457191354,"σ-Data,σ-Err,NDT,RRCF"
ALT-00080,2026-01-01 00:33:08,iPhone,LOW,0.6619509454442546,latency_spike,SUPPRESSED,4,0.6450257997244392,"σ-Data,σ-Err,RRCF"
ALT-00307,2026-01-01 00:10:10,Apple Watch,LOW,0.6617299132784097,latency_spike,SUPPRESSED,4,0.6399202258343865,"σ-Data,σ-Err,RRCF"
ALT-00428,2026-01-01 00:03:30,iPad,LOW,0.6590871183187972,latency_spike,SUPPRESSED,4,0.6784574734548728,"σ-Data,σ-Err,NDT,RRCF"
ALT-00308,2026-01-01 00:10:48,Apple Watch,LOW,0.6580898857551851,latency_spike,SUPPRESSED,4,0.6375572169993826,"σ-Data,σ-Err,RRCF"
ALT-00338,2026-01-01 00:20:16,Apple Watch,LOW,0.6529767544356564,latency_spike,SUPPRESSED,4,0.6276499630120653,"σ-Data,σ-Err,RRCF"
ALT-00173,2026-01-01 00:12:17,MacBook,LOW,0.6506861274236138,latency_spike,SUPPRESSED,3,0.7426749244448885,"σ-Data,σ-Err"
ALT-00230,2026-01-01 00:35:24,MacBook,LOW,0.6439462207697855,overheat,PROBABLE,3,0.7334324123466383,"σ-Data,σ-Err"
ALT-00198,2026-01-01 00:24:45,MacBook,LOW,0.6419882965593864,latency_spike,SUPPRESSED,4,0.6261816208373663,"σ-Data,σ-Err,NDT,RRCF"
ALT-00533,2026-01-01 00:41:29,iPad,LOW,0.6405500695058679,latency_spike,SUPPRESSED,4,0.6137795995598911,"σ-Data,σ-Err,RRCF"
ALT-00326,2026-01-01 00:15:44,Apple Watch,LOW,0.6337398452489587,cpu_spike,SUPPRESSED,3,0.6971846120581978,"σ-Data,σ-Err"
ALT-00421,2026-01-01 00:49:53,Apple Watch,LOW,0.6334359059062424,latency_spike,SUPPRESSED,4,0.6275523302116848,"σ-Data,σ-Err,NDT,RRCF"
ALT-00537,2026-01-01 00:42:50,iPad,LOW,0.6311970867717178,overheat,PROBABLE,3,0.7083016791501869,"σ-Data,σ-Err"
ALT-00030,2026-01-01 00:15:31,iPhone,LOW,0.625961846650922,latency_spike,SUPPRESSED,4,0.6129152295503649,"σ-Data,σ-Err,NDT,RRCF"
ALT-00235,2026-01-01 00:37:23,MacBook,LOW,0.6256968598607189,latency_spike,SUPPRESSED,4,0.5908535999514922,"σ-Data,σ-Err,RRCF"
ALT-00212,2026-01-01 00:30:47,MacBook,LOW,0.6237935355028816,latency_spike,SUPPRESSED,4,0.6227673347685587,"σ-Data,σ-Err,NDT,RRCF"
ALT-00293,2026-01-01 00:06:04,Apple Watch,LOW,0.6213706599338231,latency_spike,SUPPRESSED,4,0.6103126929595654,"σ-Data,σ-Err,NDT,RRCF"
ALT-00083,2026-01-01 00:35:32,iPhone,LOW,0.6205405395578076,latency_spike,SUPPRESSED,4,0.6172687429627521,"σ-Data,σ-Err,NDT,RRCF"
ALT-00232,2026-01-01 00:36:04,MacBook,LOW,0.6196718372051742,latency_spike,SUPPRESSED,3,0.64574935830492,"σ-Data,σ-Err"
ALT-00554,2026-01-01 00:48:52,iPad,LOW,0.6167883857128553,latency_spike,SUPPRESSED,4,0.5937336595929892,"σ-Data,σ-Err,NDT,RRCF"
ALT-00261,2026-01-01 00:47:24,MacBook,LOW,0.616667325766369,overheat,SUPPRESSED,3,0.6444455429439482,"σ-Data,σ-Err"
ALT-00002,2026-01-01 00:00:29,iPhone,LOW,0.61219594903674,latency_spike,SUPPRESSED,3,0.6421755614361611,"σ-Data,σ-Err"
ALT-00521,2026-01-01 00:37:13,iPad,LOW,0.6119139283622972,latency_spike,SUPPRESSED,4,0.5491733356014303,"σ-Data,σ-Err,RRCF"
ALT-00412,2026-01-01 00:45:24,Apple Watch,LOW,0.6106783796052175,overheat,SUPPRESSED,3,0.650918945876289,"σ-Data,σ-Err"
ALT-00444,2026-01-01 00:08:10,iPad,LOW,0.6067493487795007,latency_spike,SUPPRESSED,3,0.6236448190237588,"σ-Data,σ-Err"
ALT-00504,2026-01-01 00:29:46,iPad,LOW,0.6044923156506117,latency_spike,SUPPRESSED,3,0.6241538594176862,"σ-Data,σ-Err"
ALT-00325,2026-01-01 00:15:33,Apple Watch,LOW,0.6039927559488107,latency_spike,SUPPRESSED,4,0.554214068035423,"σ-Data,σ-Err,NDT,RRCF"
ALT-00276,2026-01-01 00:49:03,MacBook,LOW,0.5956232482377305,latency_spike,SUPPRESSED,3,0.6503505867393458,"σ-Data,σ-Err,RRCF"
ALT-00410,2026-01-01 00:45:03,Apple Watch,LOW,0.5925806850531871,cpu_spike,SUPPRESSED,3,0.6055702329228891,"σ-Data,σ-Err"
ALT-00233,2026-01-01 00:36:52,MacBook,LOW,0.5899016238027691,latency_spike,SUPPRESSED,3,0.6320440433758273,"σ-Data,σ-Err,RRCF"
ALT-00416,2026-01-01 00:46:53,Apple Watch,LOW,0.5891440660847294,overheat,SUPPRESSED,3,0.6296725885417995,"σ-Data,σ-Err,NDT"
ALT-00296,2026-01-01 00:06:41,Apple Watch,LOW,0.5854464703677914,latency_spike,SUPPRESSED,3,0.6072255987611338,"σ-Data,σ-Err"
ALT-00445,2026-01-01 00:08:25,iPad,LOW,0.5817430376282348,overheat,SUPPRESSED,3,0.5899420997507616,"σ-Data,σ-Err"
ALT-00382,2026-01-01 00:38:12,Apple Watch,LOW,0.578689446806567,latency_spike,SUPPRESSED,4,0.5368680700930062,"σ-Data,σ-Err,NDT,RRCF"
ALT-00050,2026-01-01 00:21:27,iPhone,LOW,0.5768807985110426,latency_spike,SUPPRESSED,4,0.5160619046200596,"σ-Data,σ-Err,NDT,RRCF"
ALT-00067,2026-01-01 00:31:22,iPhone,LOW,0.5744283269520923,latency_spike,SUPPRESSED,4,0.5213451186915056,"σ-Data,σ-Err,NDT,RRCF"
ALT-00376,2026-01-01 00:36:44,Apple Watch,LOW,0.5732451903480612,latency_spike,SUPPRESSED,4,0.4999519710604382,"σ-Data,σ-Err,NDT,RRCF"
ALT-00042,2026-01-01 00:17:33,iPhone,LOW,0.5701792890361507,latency_spike,SUPPRESSED,4,0.5272745369174833,"σ-Data,σ-Err,NDT,RRCF"
ALT-00403,2026-01-01 00:42:40,Apple Watch,LOW,0.5681667307727527,latency_spike,SUPPRESSED,3,0.5796043769499095,"σ-Data,σ-Err,RRCF"
ALT-00333,2026-01-01 00:18:36,Apple Watch,LOW,0.564919005679745,overheat,SUPPRESSED,2,0.682533314346885,"σ-Data,σ-Err"
ALT-00101,2026-01-01 00:40:05,iPhone,LOW,0.5635575365007015,latency_spike,SUPPRESSED,4,0.5081162107345479,"σ-Data,σ-Err,NDT,RRCF"
ALT-00289,2026-01-01 00:05:05,Apple Watch,LOW,0.5620549335034606,overheat,SUPPRESSED,2,0.6649632853753445,"σ-Data,σ-Err"
ALT-00442,2026-01-01 00:07:30,iPad,LOW,0.5585534406475685,latency_spike,SUPPRESSED,2,0.6712889110052103,"σ-Data,σ-Err"
ALT-00252,2026-01-01 00:43:14,MacBook,LOW,0.5559561936816986,latency_spike,SUPPRESSED,4,0.5097453019709854,"σ-Data,σ-Err,NDT,RRCF"
ALT-00085,2026-01-01 00:37:01,iPhone,LOW,0.5546947605753506,latency_spike,SUPPRESSED,4,0.45118364838187436,"σ-Data,σ-Err,NDT,RRCF"
ALT-00139,2026-01-01 00:02:03,MacBook,LOW,0.5520179651537701,latency_spike,SUPPRESSED,4,0.4580684819964526,"σ-Data,σ-Err,NDT,RRCF"
ALT-00157,2026-01-01 00:09:05,MacBook,LOW,0.5519674544545896,latency_spike,SUPPRESSED,4,0.44139259632912886,"σ-Data,σ-Err,NDT"
ALT-00318,2026-01-01 00:13:08,Apple Watch,LOW,0.5446105219084759,cpu_spike,SUPPRESSED,2,0.6518675670343326,"σ-Data,σ-Err"
ALT-00327,2026-01-01 00:15:51,Apple Watch,LOW,0.5410547876665843,latency_spike,SUPPRESSED,3,0.5492728737796354,"σ-Data,σ-Err,RRCF"
ALT-00163,2026-01-01 00:11:14,MacBook,LOW,0.5333289818584287,latency_spike,SUPPRESSED,4,0.4296223771714553,"σ-Data,σ-Err,NDT,RRCF"
ALT-00355,2026-01-01 00:27:27,Apple Watch,LOW,0.5309924213283531,latency_spike,SUPPRESSED,4,0.454193098753601,"σ-Data,σ-Err,NDT,RRCF"
ALT-00473,2026-01-01 00:21:46,iPad,LOW,0.5152628101033788,latency_spike,SUPPRESSED,3,0.47904921051641386,"σ-Data,σ-Err,RRCF"
ALT-00461,2026-01-01 00:15:09,iPad,LOW,0.5135676750396458,overheat,SUPPRESSED,2,0.5742601915666011,"σ-Data,σ-Err"
ALT-00174,2026-01-01 00:12:26,MacBook,LOW,0.5119846375128865,latency_spike,SUPPRESSED,2,0.5902968869286601,"σ-Data,σ-Err"
ALT-00395,2026-01-01 00:41:20,Apple Watch,LOW,0.5071082528203895,overheat,SUPPRESSED,2,0.6063047552100767,"σ-Data,σ-Err"
ALT-00301,2026-01-01 00:08:22,Apple Watch,LOW,0.5054849930959697,overheat,SUPPRESSED,2,0.5863522110959442,"σ-Data,σ-Err"
ALT-00158,2026-01-01 00:09:17,MacBook,LOW,0.5043883191335619,cpu_spike,SUPPRESSED,3,0.4412152714532291,"σ-Data,σ-Err"
ALT-00415,2026-01-01 00:46:16,Apple Watch,LOW,0.5008734581988252,overheat,SUPPRESSED,2,0.5709338128628615,"σ-Data,σ-Err"
ALT-00391,2026-01-01 00:40:08,Apple Watch,LOW,0.5007215441681571,overheat,SUPPRESSED,2,0.5465554507510836,"σ-Data,σ-Err"
ALT-00528,2026-01-01 00:40:40,iPad,LOW,0.498619913320803,overheat,SUPPRESSED,3,0.47181995654700704,"σ-Data,σ-Err,NDT"
ALT-00471,2026-01-01 00:21:10,iPad,LOW,0.4961140656953402,latency_spike,SUPPRESSED,3,0.4657979790022887,"σ-Data,σ-Err,RRCF"
ALT-00556,2026-01-01 00:49:14,iPad,LOW,0.491246494170246,latency_spike,SUPPRESSED,2,0.5431363573752905,"σ-Data,σ-Err"
ALT-00411,2026-01-01 00:45:09,Apple Watch,LOW,0.48746856238118474,cpu_spike,SUPPRESSED,2,0.5013364928575302,σ-Err
ALT-00322,2026-01-01 00:14:26,Apple Watch,LOW,0.48576564602659467,cpu_spike,SUPPRESSED,3,0.4688082118871884,"σ-Data,σ-Err,NDT"
ALT-00149,2026-01-01 00:05:48,MacBook,LOW,0.4836120303445992,latency_spike,SUPPRESSED,2,0.5134274579817395,"σ-Data,σ-Err"
ALT-00414,2026-01-01 00:46:09,Apple Watch,LOW,0.4765055322726123,overheat,SUPPRESSED,2,0.4956076562564772,"σ-Data,σ-Err"
ALT-00166,2026-01-01 00:11:41,MacBook,LOW,0.47015551115623955,latency_spike,SUPPRESSED,2,0.5575964599805308,"σ-Data,σ-Err"
ALT-00321,2026-01-01 00:14:18,Apple Watch,LOW,0.4663312328580755,overheat,SUPPRESSED,2,0.5492297395855703,"σ-Data,σ-Err"
ALT-00446,2026-01-01 00:09:06,iPad,LOW,0.46149225150803214,latency_spike,SUPPRESSED,2,0.4796562049660233,"σ-Data,σ-Err"
ALT-00413,2026-01-01 00:45:54,Apple Watch,LOW,0.4564989320611679,overheat,SUPPRESSED,2,0.49488943989348644,"σ-Data,σ-Err"
ALT-00527,2026-01-01 00:40:23,iPad,LOW,0.4503685485056296,overheat,SUPPRESSED,2,0.471468950981513,"σ-Data,σ-Err"
ALT-00323,2026-01-01 00:14:40,Apple Watch,LOW,0.4475360977172073,overheat,SUPPRESSED,2,0.47860240371179963,"σ-Data,σ-Err"
ALT-00207,2026-01-01 00:27:08,MacBook,LOW,0.4221657085495581,latency_spike,SUPPRESSED,2,0.45368473070239845,"σ-Data,σ-Err"
ALT-00324,2026-01-01 00:14:58,Apple Watch,LOW,0.4044817721041881,cpu_spike,SUPPRESSED,2,0.36499248961332287,"σ-Data,σ-Err"
ALT-00144,2026-01-01 00:03:27,MacBook,LOW,0.3061778074805449,normal,SUPPRESSED,2,0.3160441406775811,"NDT,RRCF"
ALT-00313,2026-01-01 00:12:32,Apple Watch,LOW,0.3031054968821875,normal,SUPPRESSED,2,0.3030118163667643,"NDT,RRCF"
ALT-00460,2026-01-01 00:14:49,iPad,LOW,0.19463014333120077,normal,SUPPRESSED,2,0.10913217424207025,"σ-Data,RRCF"
