timestamp,nfc_latency_ms,api_latency_ms,retry_count,payment_status,label,scenario
2025-01-01 09:00:00,145.35788555700535,223.1167032251937,0.0,1,0,apple_pay_failure
2025-01-01 09:01:30,113.0109394418875,138.0918350992377,0.0,1,0,apple_pay_failure
2025-01-01 09:03:00,120.49230245517876,196.94814239148016,0.0,1,0,apple_pay_failure
2025-01-01 09:04:30,126.11274424494762,177.15913653413637,0.0,1,0,apple_pay_failure
2025-01-01 09:06:00,108.16615457061393,163.60815539046163,0.0,1,0,apple_pay_failure
2025-01-01 09:07:30,120.03098359358923,197.4549886085511,0.0,1,0,apple_pay_failure
2025-01-01 09:09:00,119.98664421213103,152.52925290104014,0.0,1,0,apple_pay_failure
2025-01-01 09:10:30,93.67913540481868,192.42361773433808,0.0,1,0,apple_pay_failure
2025-01-01 09:12:00,135.2648700849524,217.8314737252333,0.0,1,0,apple_pay_failure
2025-01-01 09:13:30,129.00747773879323,189.41723371341155,0.0,1,0,apple_pay_failure
2025-01-01 09:15:00,110.6185653904986,163.09193928717997,0.0,1,0,apple_pay_failure
2025-01-01 09:16:30,117.42677608206418,140.5172821452711,0.0,1,0,apple_pay_failure
2025-01-01 09:18:00,127.57949061295128,152.9510454423286,0.0,1,0,apple_pay_failure
2025-01-01 09:19:30,116.0796537721253,138.96944675262498,0.0,1,0,apple_pay_failure
2025-01-01 09:21:00,116.3587638199118,224.99081074825804,1.0,1,0,apple_pay_failure
2025-01-01 09:22:30,98.20137881263814,178.76288747672274,0.0,1,0,apple_pay_failure
2025-01-01 09:24:00,128.3187046783783,158.87089926511837,0.0,1,0,apple_pay_failure
2025-01-01 09:25:30,121.85821357930557,152.544782233039,0.0,1,0,apple_pay_failure
2025-01-01 09:27:00,124.11689885639946,158.3188671359402,1.0,1,0,apple_pay_failure
2025-01-01 09:28:30,97.1021320219524,176.603928204924,0.0,1,0,apple_pay_failure
2025-01-01 09:30:00,144.76049536779715,152.93473464020963,0.0,1,0,apple_pay_failure
2025-01-01 09:31:30,122.31503303184537,226.9076898572602,0.0,1,0,apple_pay_failure
2025-01-01 09:33:00,114.19290085070418,166.31526522522353,0.0,1,0,apple_pay_failure
2025-01-01 09:34:30,150.43608331141667,165.43542765746466,0.0,1,0,apple_pay_failure
2025-01-01 09:36:00,119.31920955209031,192.69395424138645,0.0,1,0,apple_pay_failure
2025-01-01 09:37:30,98.23981951280138,221.26460890493652,0.0,1,0,apple_pay_failure
2025-01-01 09:39:00,113.9215821685847,218.0994012098064,0.0,1,0,apple_pay_failure
2025-01-01 09:40:30,85.67527347042416,172.80451682494794,0.0,1,0,apple_pay_failure
2025-01-01 09:42:00,135.7409482401488,191.38570056121443,0.0,1,0,apple_pay_failure
2025-01-01 09:43:30,113.75288522219972,188.73238623712672,0.0,1,0,apple_pay_failure
2025-01-01 09:45:00,108.86169712193148,198.24736228767858,0.0,1,0,apple_pay_failure
2025-01-01 09:46:30,136.08705197363244,191.39261585055002,0.0,1,0,apple_pay_failure
2025-01-01 09:48:00,95.23386615891242,161.40429043089568,0.0,1,0,apple_pay_failure
2025-01-01 09:49:30,128.03144034489137,153.49524697373485,1.0,1,0,apple_pay_failure
2025-01-01 09:51:00,89.03377795318237,189.39138867774471,0.0,1,0,apple_pay_failure
2025-01-01 09:52:30,110.06760990499787,155.41154707725403,0.0,1,0,apple_pay_failure
2025-01-01 09:54:00,101.93670231600402,219.0805847141515,0.0,1,0,apple_pay_failure
2025-01-01 09:55:30,141.92963440820287,185.99824529177337,0.0,1,0,apple_pay_failure
2025-01-01 09:57:00,146.49241316894,159.34806093219385,0.0,1,0,apple_pay_failure
2025-01-01 09:58:30,115.05879372130403,176.9591286994162,0.0,1,0,apple_pay_failure
2025-01-01 10:00:00,132.61099863215304,172.31731776039447,0.0,1,0,apple_pay_failure
2025-01-01 10:01:30,117.30020398121475,181.71900448339287,0.0,1,0,apple_pay_failure
2025-01-01 10:03:00,128.52092830991973,208.64622124123957,0.0,1,0,apple_pay_failure
2025-01-01 10:04:30,108.70744205367802,148.8893016894362,0.0,1,0,apple_pay_failure
2025-01-01 10:06:00,94.37491195249416,138.31058161870715,0.0,1,0,apple_pay_failure
2025-01-01 10:07:30,92.95352012280388,193.45127382546693,0.0,1,0,apple_pay_failure
2025-01-01 10:09:00,125.74682777636268,180.56792831688378,0.0,1,0,apple_pay_failure
2025-01-01 10:10:30,153.7139257921155,189.0806259521918,0.0,1,0,apple_pay_failure
2025-01-01 10:12:00,124.04117445761831,196.1136634113417,0.0,1,0,apple_pay_failure
2025-01-01 10:13:30,112.13093070898722,180.47379056475765,0.0,1,0,apple_pay_failure
2025-01-01 10:15:00,148.68028293497912,204.99224342482245,0.0,1,0,apple_pay_failure
2025-01-01 10:16:30,123.5595276995579,162.67496200116284,0.0,1,0,apple_pay_failure
2025-01-01 10:18:00,121.52150977817423,186.60943985655095,0.0,1,0,apple_pay_failure
2025-01-01 10:19:30,123.78866603332976,164.2309497649979,0.0,1,0,apple_pay_failure
2025-01-01 10:21:00,118.0143420364973,156.7523582893466,0.0,1,0,apple_pay_failure
2025-01-01 10:22:30,115.3578548911668,200.38622273250874,0.0,1,0,apple_pay_failure
2025-01-01 10:24:00,98.47554800946669,199.22632854888028,0.0,1,0,apple_pay_failure
2025-01-01 10:25:30,127.52436184771561,136.450497980122,0.0,1,0,apple_pay_failure
2025-01-01 10:27:00,118.57836824340158,156.95001896029066,0.0,1,0,apple_pay_failure
2025-01-01 10:28:30,137.89628883516016,192.29960825041536,0.0,1,0,apple_pay_failure
2025-01-01 10:30:00,114.4677229732823,211.75580111482338,0.0,1,0,apple_pay_failure
2025-01-01 10:31:30,91.40445182204297,168.35099195695423,0.0,1,0,apple_pay_failure
2025-01-01 10:33:00,118.50584052157703,180.40474699052282,0.0,1,0,apple_pay_failure
2025-01-01 10:34:30,145.49305945120022,149.6663344469246,0.0,1,0,apple_pay_failure
2025-01-01 10:36:00,114.24865315602732,247.770284577594,0.0,1,0,apple_pay_failure
2025-01-01 10:37:30,106.65214708468876,196.8780295034502,0.0,1,0,apple_pay_failure
2025-01-01 10:39:00,102.09612116612726,207.36532768633256,0.0,1,0,apple_pay_failure
2025-01-01 10:40:30,104.2497478338694,201.45052177591734,1.0,1,0,apple_pay_failure
2025-01-01 10:42:00,115.49709394799756,208.33109143395598,1.0,1,0,apple_pay_failure
2025-01-01 10:43:30,102.30026859812692,200.20207257024552,0.0,1,0,apple_pay_failure
2025-01-01 10:45:00,142.46458673396376,176.62031145259772,0.0,1,0,apple_pay_failure
2025-01-01 10:46:30,115.76047145886929,203.60033088820302,0.0,1,0,apple_pay_failure
2025-01-01 10:48:00,121.62972557242095,186.97849838178453,0.0,1,0,apple_pay_failure
2025-01-01 10:49:30,141.57359281100634,217.41440153478024,0.0,1,0,apple_pay_failure
2025-01-01 10:51:00,142.54977780625367,166.6113039474364,0.0,1,0,apple_pay_failure
2025-01-01 10:52:30,116.80900549473658,171.46848569139496,0.0,1,0,apple_pay_failure
2025-01-01 10:54:00,124.97961323232747,201.52885536001438,0.0,1,0,apple_pay_failure
2025-01-01 10:55:30,131.02539876566038,216.9911358585806,0.0,1,0,apple_pay_failure
2025-01-01 10:57:00,117.10716809475329,188.6290332819565,0.0,1,0,apple_pay_failure
2025-01-01 10:58:30,93.32980720562237,167.18680631822576,0.0,1,0,apple_pay_failure
2025-01-01 11:00:00,129.82058555554664,182.02610319722035,0.0,1,0,apple_pay_failure
2025-01-01 11:01:30,133.415284572308,172.54439802341088,0.0,1,0,apple_pay_failure
2025-01-01 11:03:00,126.23253921447017,232.42093950169533,0.0,1,0,apple_pay_failure
2025-01-01 11:04:30,106.14683014930173,207.46772874110118,0.0,1,0,apple_pay_failure
2025-01-01 11:06:00,117.05959031538052,216.61107501513195,0.0,1,0,apple_pay_failure
2025-01-01 11:07:30,111.13845271705296,192.53861857668417,0.0,1,0,apple_pay_failure
2025-01-01 11:09:00,115.50433144008258,171.12192426861753,0.0,1,0,apple_pay_failure
2025-01-01 11:10:30,139.4532778909001,214.33159111354416,0.0,1,0,apple_pay_failure
2025-01-01 11:12:00,142.94369450089732,226.34873833999498,1.0,1,0,apple_pay_failure
2025-01-01 11:13:30,130.0412729011449,199.54898242049077,0.0,1,0,apple_pay_failure
2025-01-01 11:15:00,128.23117679667493,184.39369202887653,0.0,1,0,apple_pay_failure
2025-01-01 11:16:30,130.1494348433383,212.02434450487203,0.0,1,0,apple_pay_failure
2025-01-01 11:18:00,119.81636720090336,175.72212871994037,0.0,1,0,apple_pay_failure
2025-01-01 11:19:30,118.86504807769401,204.11351468023457,0.0,1,0,apple_pay_failure
2025-01-01 11:21:00,109.8953221893589,167.21039459240328,0.0,1,0,apple_pay_failure
2025-01-01 11:22:30,119.16198824924889,160.7408527758664,0.0,1,0,apple_pay_failure
2025-01-01 11:24:00,153.8992047993939,199.1611219977094,0.0,1,0,apple_pay_failure
2025-01-01 11:25:30,133.0355899388074,193.44825521060085,0.0,1,0,apple_pay_failure
2025-01-01 11:27:00,114.86824464859706,232.6076593585493,0.0,1,0,apple_pay_failure
2025-01-01 11:28:30,112.92110021799718,177.9973233879686,0.0,1,0,apple_pay_failure
2025-01-01 11:30:00,107.03265012621381,185.5861888700641,0.0,1,0,apple_pay_failure
2025-01-01 11:31:30,125.61555524606364,156.50151711728384,0.0,1,0,apple_pay_failure
2025-01-01 11:33:00,125.87318540253871,138.2679940249372,0.0,1,0,apple_pay_failure
2025-01-01 11:34:30,98.35317514498593,140.47962372164181,0.0,1,0,apple_pay_failure
2025-01-01 11:36:00,127.29502795862554,196.57769710497948,0.0,1,0,apple_pay_failure
2025-01-01 11:37:30,111.45791594222254,155.58402275283777,0.0,1,0,apple_pay_failure
2025-01-01 11:39:00,141.40081734973253,213.1696740735403,0.0,1,0,apple_pay_failure
2025-01-01 11:40:30,122.35265975556275,220.5566698104662,0.0,1,0,apple_pay_failure
2025-01-01 11:42:00,145.76595074490353,177.86491240737976,0.0,1,0,apple_pay_failure
2025-01-01 11:43:30,113.12809810670986,226.4606195818099,0.0,1,0,apple_pay_failure
2025-01-01 11:45:00,115.68024200218828,190.67999191508784,0.0,1,0,apple_pay_failure
2025-01-01 11:46:30,124.4971252840485,213.12386455682525,0.0,1,0,apple_pay_failure
2025-01-01 11:48:00,135.83922448746807,179.35734147280365,0.0,1,0,apple_pay_failure
2025-01-01 11:49:30,128.48823732941108,208.9792704893278,0.0,1,0,apple_pay_failure
2025-01-01 11:51:00,101.49714084408656,161.41707042882894,0.0,1,0,apple_pay_failure
2025-01-01 11:52:30,122.7435105242215,200.56706225666258,0.0,1,0,apple_pay_failure
2025-01-01 11:54:00,120.33367107810841,173.5195738344635,0.0,1,0,apple_pay_failure
2025-01-01 11:55:30,113.56397109666013,181.73600507455458,0.0,1,0,apple_pay_failure
2025-01-01 11:57:00,110.2784206066146,200.7929641832557,0.0,1,0,apple_pay_failure
2025-01-01 11:58:30,146.21365859022967,189.31779252426438,0.0,1,0,apple_pay_failure
2025-01-01 12:00:00,114.14420277957655,183.14062582031303,0.0,1,0,apple_pay_failure
2025-01-01 12:01:30,107.31116044308288,203.1944789388151,0.0,1,0,apple_pay_failure
2025-01-01 12:03:00,129.5566924921866,205.08015611356296,0.0,1,0,apple_pay_failure
2025-01-01 12:04:30,121.9593446589338,150.37482367175076,0.0,1,0,apple_pay_failure
2025-01-01 12:06:00,118.86279200541124,198.97360914362244,0.0,1,0,apple_pay_failure
2025-01-01 12:07:30,131.7195271657574,201.77502638553787,0.0,1,0,apple_pay_failure
2025-01-01 12:09:00,127.32938123839028,166.20701388439014,0.0,1,0,apple_pay_failure
2025-01-01 12:10:30,125.43285001426639,194.64502031756612,0.0,1,0,apple_pay_failure
2025-01-01 12:12:00,134.46300726587114,151.89416548524719,0.0,1,0,apple_pay_failure
2025-01-01 12:13:30,124.25454635752186,220.98310256573967,0.0,1,0,apple_pay_failure
2025-01-01 12:15:00,110.74617076364291,179.0586431621458,0.0,1,0,apple_pay_failure
2025-01-01 12:16:30,114.56576657370415,183.0359929992541,0.0,1,0,apple_pay_failure
2025-01-01 12:18:00,112.18541497043532,214.93479903112836,0.0,1,0,apple_pay_failure
2025-01-01 12:19:30,123.145830854649,181.4314733125598,0.0,1,0,apple_pay_failure
2025-01-01 12:21:00,103.83022658623942,199.9721945589854,0.0,1,0,apple_pay_failure
2025-01-01 12:22:30,92.51361049907135,158.81499226164593,0.0,1,0,apple_pay_failure
2025-01-01 12:24:00,121.32232386897593,170.75612939285276,0.0,1,0,apple_pay_failure
2025-01-01 12:25:30,99.95219175066458,150.1885654218213,0.0,1,0,apple_pay_failure
2025-01-01 12:27:00,90.72032852182312,179.79538404912947,0.0,1,0,apple_pay_failure
2025-01-01 12:28:30,125.59996175725033,210.77588570336047,0.0,1,0,apple_pay_failure
2025-01-01 12:30:00,109.33420205814689,190.59020461011872,0.0,1,0,apple_pay_failure
2025-01-01 12:31:30,127.44188133358614,207.1069407772303,0.0,1,0,apple_pay_failure
2025-01-01 12:33:00,112.03719372113041,159.34480834699625,0.0,1,0,apple_pay_failure
2025-01-01 12:34:30,103.1705641769163,162.91931540287214,0.0,1,0,apple_pay_failure
2025-01-01 12:36:00,101.34723729215976,173.3614207333892,0.0,1,0,apple_pay_failure
2025-01-01 12:37:30,112.27609165944433,199.31432318239558,0.0,1,0,apple_pay_failure
2025-01-01 12:39:00,115.89925790631331,193.91071573658064,0.0,1,0,apple_pay_failure
2025-01-01 12:40:30,107.6480987397571,184.6177714078641,0.0,1,0,apple_pay_failure
2025-01-01 12:42:00,115.78338130779872,200.56573360932452,0.0,1,0,apple_pay_failure
2025-01-01 12:43:30,96.95846555681288,181.21503922214507,0.0,1,0,apple_pay_failure
2025-01-01 12:45:00,120.21733417464415,184.46188826455048,0.0,1,0,apple_pay_failure
2025-01-01 12:46:30,93.09526887299432,217.62087073225445,0.0,1,0,apple_pay_failure
2025-01-01 12:48:00,117.09215524568654,170.34328254782918,0.0,1,0,apple_pay_failure
2025-01-01 12:49:30,130.45941164669364,189.56702841450328,0.0,1,0,apple_pay_failure
2025-01-01 12:51:00,136.37908203367235,225.29862022264498,0.0,1,0,apple_pay_failure
2025-01-01 12:52:30,145.71570370303638,187.5476175542306,0.0,1,0,apple_pay_failure
2025-01-01 12:54:00,96.65568529726961,202.66383693809277,0.0,1,0,apple_pay_failure
2025-01-01 12:55:30,131.3808780083173,169.83295549452868,0.0,1,0,apple_pay_failure
2025-01-01 12:57:00,138.09423291173772,233.913009609474,0.0,1,0,apple_pay_failure
2025-01-01 12:58:30,134.7083547725695,128.75921952243257,0.0,1,0,apple_pay_failure
2025-01-01 13:00:00,106.06014277340643,156.64194905249113,0.0,1,0,apple_pay_failure
2025-01-01 13:01:30,126.17695246673968,158.6538963721475,0.0,1,0,apple_pay_failure
2025-01-01 13:03:00,147.90083508340717,225.49508832933915,0.0,1,0,apple_pay_failure
2025-01-01 13:04:30,97.54089536465108,193.8120282810935,0.0,1,0,apple_pay_failure
2025-01-01 13:06:00,127.14506550385879,178.4418254411133,0.0,1,0,apple_pay_failure
2025-01-01 13:07:30,136.68435728488623,152.95605200173725,0.0,1,0,apple_pay_failure
2025-01-01 13:09:00,109.55113476512095,194.10322607252078,1.0,1,0,apple_pay_failure
2025-01-01 13:10:30,128.74455454928932,187.85084448251325,0.0,1,0,apple_pay_failure
2025-01-01 13:12:00,103.93661238007694,167.6757649227074,0.0,1,0,apple_pay_failure
2025-01-01 13:13:30,107.81687127852392,147.7118211650506,0.0,1,0,apple_pay_failure
2025-01-01 13:15:00,107.74379629756729,157.43105685658594,0.0,1,0,apple_pay_failure
2025-01-01 13:16:30,122.88461548228379,190.335319780084,0.0,1,0,apple_pay_failure
2025-01-01 13:18:00,118.63528100950849,192.775269740848,0.0,1,0,apple_pay_failure
2025-01-01 13:19:30,134.31172811583096,186.8285898453234,0.0,1,0,apple_pay_failure
2025-01-01 13:21:00,105.89581328641589,181.21037225262637,1.0,1,0,apple_pay_failure
2025-01-01 13:22:30,118.03086524861251,140.78157596940926,0.0,1,0,apple_pay_failure
2025-01-01 13:24:00,134.4161469542026,186.21925385289092,0.0,1,0,apple_pay_failure
2025-01-01 13:25:30,128.41165758352417,159.18662654146522,1.0,1,0,apple_pay_failure
2025-01-01 13:27:00,100.13037996628154,186.0447449793311,1.0,1,0,apple_pay_failure
2025-01-01 13:28:30,129.97805527436566,196.62626481354854,0.0,1,0,apple_pay_failure
2025-01-01 13:30:00,112.82373180293152,168.10561247942076,0.0,1,0,apple_pay_failure
2025-01-01 13:31:30,125.78079806841974,159.42323558496008,0.0,1,0,apple_pay_failure
2025-01-01 13:33:00,124.51020622534362,209.8402787091526,0.0,1,0,apple_pay_failure
2025-01-01 13:34:30,138.28978325952943,193.7949296856123,0.0,1,0,apple_pay_failure
2025-01-01 13:36:00,121.74839909603052,169.08435971427258,0.0,1,0,apple_pay_failure
2025-01-01 13:37:30,92.19291192738442,109.99209642807811,0.0,1,0,apple_pay_failure
2025-01-01 13:39:00,99.45210421531209,183.7718636533337,0.0,1,0,apple_pay_failure
2025-01-01 13:40:30,130.96731578141086,200.7284546447535,0.0,1,0,apple_pay_failure
2025-01-01 13:42:00,116.12525500143583,213.03892243314286,0.0,1,0,apple_pay_failure
2025-01-01 13:43:30,137.06968590141094,168.05351612952126,0.0,1,0,apple_pay_failure
2025-01-01 13:45:00,124.10158226896536,168.9242308157298,0.0,1,0,apple_pay_failure
2025-01-01 13:46:30,108.76401396081711,173.92733183335503,0.0,1,0,apple_pay_failure
2025-01-01 13:48:00,136.2361013958482,205.94804582903336,1.0,1,0,apple_pay_failure
2025-01-01 13:49:30,107.88903477706259,155.63204934066468,0.0,1,0,apple_pay_failure
2025-01-01 13:51:00,89.21046737586984,182.17807752128093,1.0,1,0,apple_pay_failure
2025-01-01 13:52:30,150.95693326594272,161.85638646831765,0.0,1,0,apple_pay_failure
2025-01-01 13:54:00,91.33876683566706,191.71371225288826,0.0,1,0,apple_pay_failure
2025-01-01 13:55:30,129.5461928846898,146.13288277299213,1.0,1,0,apple_pay_failure
2025-01-01 13:57:00,134.0827765343801,194.40400496006998,0.0,1,0,apple_pay_failure
2025-01-01 13:58:30,122.20598794652388,172.58382717066218,0.0,1,0,apple_pay_failure
2025-01-01 14:00:00,94.74904734542866,179.39904235492608,0.0,1,0,apple_pay_failure
2025-01-01 14:01:30,135.22522403191334,198.14385542784765,0.0,1,0,apple_pay_failure
2025-01-01 14:03:00,98.37684425042302,213.5953369386424,0.0,1,0,apple_pay_failure
2025-01-01 14:04:30,99.845571526643,142.5753249744095,0.0,1,0,apple_pay_failure
2025-01-01 14:06:00,114.57497531002551,210.08887677948863,0.0,1,0,apple_pay_failure
2025-01-01 14:07:30,131.82756861175497,198.95390007389537,0.0,1,0,apple_pay_failure
2025-01-01 14:09:00,124.50170858596191,177.6327025928461,0.0,1,0,apple_pay_failure
2025-01-01 14:10:30,132.16152428681278,220.09998782187705,0.0,1,0,apple_pay_failure
2025-01-01 14:12:00,113.34534254179435,189.71625564939612,1.0,1,0,apple_pay_failure
2025-01-01 14:13:30,117.4172507016606,217.33592010213653,0.0,1,0,apple_pay_failure
2025-01-01 14:15:00,102.94294817752201,170.1802594300938,0.0,1,0,apple_pay_failure
2025-01-01 14:16:30,115.24701820165986,163.33200588360887,0.0,1,0,apple_pay_failure
2025-01-01 14:18:00,128.89692227714843,215.61642782749522,0.0,1,0,apple_pay_failure
2025-01-01 14:19:30,115.50257919037321,239.10680158361902,0.0,1,0,apple_pay_failure
2025-01-01 14:21:00,127.13189332221923,200.8446315086052,0.0,1,0,apple_pay_failure
2025-01-01 14:22:30,111.40088622675721,207.27961903701905,0.0,1,0,apple_pay_failure
2025-01-01 14:24:00,111.11412610815373,173.1525422043521,0.0,1,0,apple_pay_failure
2025-01-01 14:25:30,120.58752974591376,151.8708098062946,0.0,1,0,apple_pay_failure
2025-01-01 14:27:00,117.07677745787564,179.35077358349895,0.0,1,0,apple_pay_failure
2025-01-01 14:28:30,128.88577863902188,222.5079698541552,0.0,1,0,apple_pay_failure
2025-01-01 14:30:00,122.6743536240894,138.4885285820817,0.0,1,0,apple_pay_failure
2025-01-01 14:31:30,146.10519443089237,172.61681923391907,0.0,1,0,apple_pay_failure
2025-01-01 14:33:00,116.70758243233499,137.13649390030972,0.0,1,0,apple_pay_failure
2025-01-01 14:34:30,116.59121025365549,187.7067302711448,0.0,1,0,apple_pay_failure
2025-01-01 14:36:00,104.39803404322207,206.856111855782,0.0,1,0,apple_pay_failure
2025-01-01 14:37:30,120.34166951128779,153.93169894858497,0.0,1,0,apple_pay_failure
2025-01-01 14:39:00,130.242434080083,174.7652093320132,0.0,1,0,apple_pay_failure
2025-01-01 14:40:30,108.89556537890458,218.14367302752305,0.0,1,0,apple_pay_failure
2025-01-01 14:42:00,119.25491605860559,182.78833329720513,1.0,1,0,apple_pay_failure
2025-01-01 14:43:30,130.77835140269755,154.01882408822803,0.0,1,0,apple_pay_failure
2025-01-01 14:45:00,118.09636276483963,152.0934838978846,0.0,1,0,apple_pay_failure
2025-01-01 14:46:30,112.2129404827766,134.6338125098667,0.0,1,0,apple_pay_failure
2025-01-01 14:48:00,134.59639726170306,204.33236687811143,0.0,1,0,apple_pay_failure
2025-01-01 14:49:30,121.45529348334397,166.3469519568514,0.0,1,0,apple_pay_failure
2025-01-01 14:51:00,125.94846758614324,211.26701436696064,0.0,1,0,apple_pay_failure
2025-01-01 14:52:30,137.57090175315778,206.67572338900095,0.0,1,0,apple_pay_failure
2025-01-01 14:54:00,137.1797387770445,168.4992562010954,0.0,1,0,apple_pay_failure
2025-01-01 14:55:30,114.79193726288966,171.80115407889696,0.0,1,0,apple_pay_failure
2025-01-01 14:57:00,112.11855420790621,204.46585523947064,0.0,1,0,apple_pay_failure
2025-01-01 14:58:30,124.26463399998197,188.73569240746647,0.0,1,0,apple_pay_failure
2025-01-01 15:00:00,118.00818697141801,191.69573697114552,0.0,1,0,apple_pay_failure
2025-01-01 15:01:30,91.50208021076479,143.82274138748534,0.0,1,0,apple_pay_failure
2025-01-01 15:03:00,139.1304260199883,207.44280238135573,0.0,1,0,apple_pay_failure
2025-01-01 15:04:30,120.29041991248884,163.11685659088153,0.0,1,0,apple_pay_failure
2025-01-01 15:06:00,131.04566949972698,128.26239096378401,0.0,1,0,apple_pay_failure
2025-01-01 15:07:30,102.40625153579745,169.57686866980103,0.0,1,0,apple_pay_failure
2025-01-01 15:09:00,139.3230533813759,195.54990602090402,1.0,1,0,apple_pay_failure
2025-01-01 15:10:30,111.1760579090654,237.42815021691004,0.0,1,0,apple_pay_failure
2025-01-01 15:12:00,118.38499389790009,175.6793393934435,0.0,1,0,apple_pay_failure
2025-01-01 15:13:30,98.97862995408934,151.7554598001981,0.0,1,0,apple_pay_failure
2025-01-01 15:15:00,117.49575394902618,238.08684021960414,0.0,1,0,apple_pay_failure
2025-01-01 15:16:30,116.55294100963843,189.00594870146583,0.0,1,0,apple_pay_failure
2025-01-01 15:18:00,117.21959191272421,178.4706841630413,0.0,1,0,apple_pay_failure
2025-01-01 15:19:30,126.57757114133729,158.10032651577222,0.0,1,0,apple_pay_failure
2025-01-01 15:21:00,120.90518771802753,159.90055019853253,0.0,1,0,apple_pay_failure
2025-01-01 15:22:30,134.63673937642622,221.9668168945657,0.0,1,0,apple_pay_failure
2025-01-01 15:24:00,112.9776272152292,178.23272999470032,0.0,1,0,apple_pay_failure
2025-01-01 15:25:30,105.05976136928454,171.55477995599114,0.0,1,0,apple_pay_failure
2025-01-01 15:27:00,119.71340412569907,172.25218044012937,0.0,1,0,apple_pay_failure
2025-01-01 15:28:30,129.42552054455675,224.19664532737568,0.0,1,0,apple_pay_failure
2025-01-01 15:30:00,138.66962659451738,170.26465804091896,0.0,1,0,apple_pay_failure
2025-01-01 15:31:30,132.2088215334591,200.7039899558851,0.0,1,0,apple_pay_failure
2025-01-01 15:33:00,93.5183899851251,191.65354749414365,0.0,1,0,apple_pay_failure
2025-01-01 15:34:30,125.65587537090323,190.9816466680123,0.0,1,0,apple_pay_failure
2025-01-01 15:36:00,141.90557659381852,163.06871807374375,0.0,1,0,apple_pay_failure
2025-01-01 15:37:30,120.9386454952002,201.46385594934708,0.0,1,0,apple_pay_failure
2025-01-01 15:39:00,112.2593624978696,225.21580038526085,0.0,1,0,apple_pay_failure
2025-01-01 15:40:30,124.6374127903944,183.6954093665436,0.0,1,0,apple_pay_failure
2025-01-01 15:42:00,112.45137023668357,162.00635588975263,0.0,1,0,apple_pay_failure
2025-01-01 15:43:30,129.58669748856082,152.71565787724631,0.0,1,0,apple_pay_failure
2025-01-01 15:45:00,119.80508292813573,189.76793775156494,0.0,1,0,apple_pay_failure
2025-01-01 15:46:30,140.89500194994756,178.20039874136913,0.0,1,0,apple_pay_failure
2025-01-01 15:48:00,127.49254122736397,182.39064880149846,0.0,1,0,apple_pay_failure
2025-01-01 15:49:30,109.14172970106505,185.29571298955779,0.0,1,0,apple_pay_failure
2025-01-01 15:51:00,129.069469258252,148.1096835669751,0.0,1,0,apple_pay_failure
2025-01-01 15:52:30,134.04017550346666,204.53713059332276,0.0,1,0,apple_pay_failure
2025-01-01 15:54:00,111.47316217807852,190.85795138075247,0.0,1,0,apple_pay_failure
2025-01-01 15:55:30,113.61308396257304,183.1345969016114,0.0,1,0,apple_pay_failure
2025-01-01 15:57:00,85.42225089598189,190.79642992924465,0.0,1,0,apple_pay_failure
2025-01-01 15:58:30,133.55108983448153,208.15357219759443,0.0,1,0,apple_pay_failure
2025-01-01 16:00:00,172.44584141639052,706.8209559418461,3.0,0,1,apple_pay_failure
2025-01-01 16:01:30,167.59511468638442,300.0,3.0,1,1,apple_pay_failure
2025-01-01 16:03:00,197.82377553807046,463.22771094343335,6.0,1,1,apple_pay_failure
2025-01-01 16:04:30,203.08448978037836,462.4674980719292,2.0,1,1,apple_pay_failure
2025-01-01 16:06:00,206.91877602071997,300.0,3.0,1,1,apple_pay_failure
2025-01-01 16:07:30,185.43888005789216,752.3800289033069,2.0,0,1,apple_pay_failure
2025-01-01 16:09:00,208.4716363596176,492.432826421066,3.0,1,1,apple_pay_failure
2025-01-01 16:10:30,174.75826481497788,300.0,1.0,1,1,apple_pay_failure
2025-01-01 16:12:00,231.83187586903296,890.0742505971739,4.0,0,1,apple_pay_failure
2025-01-01 16:13:30,173.63776117030986,666.9105730383656,0.0,0,1,apple_pay_failure
2025-01-01 16:15:00,171.54292883524246,1121.3488266756942,0.0,0,1,apple_pay_failure
2025-01-01 16:16:30,162.12468803579065,645.6914272064106,0.0,0,1,apple_pay_failure
2025-01-01 16:18:00,191.85829466444608,458.6844347849793,4.0,1,1,apple_pay_failure
2025-01-01 16:19:30,160.6830659608822,768.6794795039852,3.0,0,1,apple_pay_failure
2025-01-01 16:21:00,160.35481691581833,345.44102611775975,2.0,1,1,apple_pay_failure
2025-01-01 16:22:30,200.61207472147692,389.67283034465373,1.0,1,1,apple_pay_failure
2025-01-01 16:24:00,193.77079114672978,368.44626356378103,1.0,1,1,apple_pay_failure
2025-01-01 16:25:30,171.14938329376977,335.4887399465357,3.0,1,1,apple_pay_failure
2025-01-01 16:27:00,248.64766546941797,1265.8308442875218,3.0,0,1,apple_pay_failure
2025-01-01 16:28:30,175.9152747706375,474.4377093918765,1.0,1,1,apple_pay_failure
2025-01-01 16:30:00,207.25201371985943,456.5438862829788,3.0,1,1,apple_pay_failure
2025-01-01 16:31:30,181.8692737982234,354.12069895322827,1.0,1,1,apple_pay_failure
2025-01-01 16:33:00,165.63482248946178,300.0,3.0,1,1,apple_pay_failure
2025-01-01 16:34:30,217.40494380036094,300.0,2.0,1,1,apple_pay_failure
2025-01-01 16:36:00,226.90767537537337,1322.8709396968857,1.0,0,1,apple_pay_failure
2025-01-01 16:37:30,182.88644413627753,687.4420836448838,4.0,0,1,apple_pay_failure
2025-01-01 16:39:00,202.2623627190669,423.3851237446426,1.0,1,1,apple_pay_failure
2025-01-01 16:40:30,221.9670639309402,510.0070270365569,5.0,0,1,apple_pay_failure
2025-01-01 16:42:00,175.11131818815934,872.4776062564988,3.0,0,1,apple_pay_failure
2025-01-01 16:43:30,171.57406153492485,366.32834552769475,3.0,1,1,apple_pay_failure
2025-01-01 16:45:00,185.5198298956486,307.75253120498814,1.0,1,1,apple_pay_failure
2025-01-01 16:46:30,170.235041639695,427.86290727696155,1.0,1,1,apple_pay_failure
2025-01-01 16:48:00,224.0603837008869,407.59005433200565,3.0,1,1,apple_pay_failure
2025-01-01 16:49:30,189.30201864234272,868.8116425074285,1.0,0,1,apple_pay_failure
2025-01-01 16:51:00,184.22460124986475,1045.3921960284977,2.0,0,1,apple_pay_failure
2025-01-01 16:52:30,165.31612915805204,910.6205592877919,3.0,0,1,apple_pay_failure
2025-01-01 16:54:00,216.85372131609438,654.3717897213909,2.0,0,1,apple_pay_failure
2025-01-01 16:55:30,191.7980767234251,490.0146402356344,1.0,1,1,apple_pay_failure
2025-01-01 16:57:00,199.58472571644594,300.0,1.0,1,1,apple_pay_failure
2025-01-01 16:58:30,132.00403085581723,1199.3912506486386,1.0,0,1,apple_pay_failure
2025-01-01 17:00:00,214.93844077764706,911.8151736654578,3.0,0,1,apple_pay_failure
2025-01-01 17:01:30,201.93047320469188,439.8009478942149,3.0,1,1,apple_pay_failure
2025-01-01 17:03:00,139.6140375188922,737.0364605719525,0.0,0,1,apple_pay_failure
2025-01-01 17:04:30,153.69576507959158,1003.298185546599,0.0,0,1,apple_pay_failure
2025-01-01 17:06:00,211.92101223699314,313.22119461413206,1.0,1,1,apple_pay_failure
2025-01-01 17:07:30,215.30266597156157,500.56832193820037,3.0,0,1,apple_pay_failure
2025-01-01 17:09:00,139.47040592541873,1420.6317723510708,2.0,0,1,apple_pay_failure
2025-01-01 17:10:30,211.90692901691222,300.0,1.0,1,1,apple_pay_failure
2025-01-01 17:12:00,245.38217593532886,300.0,0.0,1,1,apple_pay_failure
2025-01-01 17:13:30,247.0663284301212,1282.1493463425993,3.0,0,1,apple_pay_failure
2025-01-01 17:15:00,223.54460526470172,959.7345460174336,1.0,0,1,apple_pay_failure
2025-01-01 17:16:30,229.51379727940372,300.0,3.0,1,1,apple_pay_failure
2025-01-01 17:18:00,207.339762126472,516.0538600016237,4.0,0,1,apple_pay_failure
2025-01-01 17:19:30,237.3675161574419,574.1815367034355,2.0,0,1,apple_pay_failure
2025-01-01 17:21:00,245.48331891977904,647.3828174385103,2.0,0,1,apple_pay_failure
2025-01-01 17:22:30,169.48011840404962,543.7130882649104,3.0,0,1,apple_pay_failure
2025-01-01 17:24:00,193.69594711895957,524.0851249281479,5.0,0,1,apple_pay_failure
2025-01-01 17:25:30,157.8438534267847,512.8745734713823,1.0,0,1,apple_pay_failure
2025-01-01 17:27:00,208.2272421549808,553.1841857924614,5.0,0,1,apple_pay_failure
2025-01-01 17:28:30,205.001768563092,300.0,1.0,1,1,apple_pay_failure
2025-01-01 17:30:00,214.8899950528227,300.0,0.0,1,1,apple_pay_failure
2025-01-01 17:31:30,188.30243647131078,301.68376425228087,3.0,1,1,apple_pay_failure
2025-01-01 17:33:00,110.6870769565483,1200.8806467975637,3.0,0,1,apple_pay_failure
2025-01-01 17:34:30,165.69500753886507,405.32092210754297,2.0,1,1,apple_pay_failure
2025-01-01 17:36:00,218.4248951270199,546.5676338274735,5.0,0,1,apple_pay_failure
2025-01-01 17:37:30,142.25531822637066,1536.8338230179556,0.0,0,1,apple_pay_failure
2025-01-01 17:39:00,200.85116437417776,300.0,3.0,1,1,apple_pay_failure
2025-01-01 17:40:30,206.64344865109683,300.0,2.0,1,1,apple_pay_failure
2025-01-01 17:42:00,224.91065597823615,328.0632602072748,2.0,1,1,apple_pay_failure
2025-01-01 17:43:30,197.10753671529065,1189.2368181826314,3.0,0,1,apple_pay_failure
2025-01-01 17:45:00,182.17005898212932,652.4165153910556,2.0,0,1,apple_pay_failure
2025-01-01 17:46:30,234.00201146977832,300.0,0.0,1,1,apple_pay_failure
2025-01-01 17:48:00,201.24318297357917,300.0,4.0,1,1,apple_pay_failure
2025-01-01 17:49:30,156.29879758580228,300.0,2.0,1,1,apple_pay_failure
2025-01-01 17:51:00,211.92608177198557,1135.7109586817585,0.0,0,1,apple_pay_failure
2025-01-01 17:52:30,194.60625596497516,391.21631911528004,2.0,1,1,apple_pay_failure
2025-01-01 17:54:00,80.82853863428717,911.3866117019597,3.0,0,1,apple_pay_failure
2025-01-01 17:55:30,184.18074408513002,906.0845956970553,1.0,0,1,apple_pay_failure
2025-01-01 17:57:00,145.13676411660776,1470.5912513916203,2.0,0,1,apple_pay_failure
2025-01-01 17:58:30,166.87517203481517,505.1607287337331,4.0,0,1,apple_pay_failure
2025-01-01 18:00:00,170.33914467853273,358.6885168675776,2.0,1,1,apple_pay_failure
2025-01-01 18:01:30,223.00902705580438,476.61551211954037,1.0,1,1,apple_pay_failure
2025-01-01 18:03:00,211.9835129494374,1025.9905451721622,2.0,0,1,apple_pay_failure
2025-01-01 18:04:30,212.2074257046802,1319.5701033584628,4.0,0,1,apple_pay_failure
2025-01-01 18:06:00,184.64630529109556,382.70563079629375,3.0,1,1,apple_pay_failure
2025-01-01 18:07:30,239.32429806149116,464.31317380965453,4.0,1,1,apple_pay_failure
2025-01-01 18:09:00,201.58715116015537,756.5991482914931,3.0,0,1,apple_pay_failure
2025-01-01 18:10:30,195.5141290482346,348.04165163051164,3.0,1,1,apple_pay_failure
2025-01-01 18:12:00,242.30064192278502,300.0,2.0,1,1,apple_pay_failure
2025-01-01 18:13:30,175.27303411168103,324.6768095796881,2.0,1,1,apple_pay_failure
2025-01-01 18:15:00,218.60483776482914,433.103699197746,3.0,1,1,apple_pay_failure
2025-01-01 18:16:30,204.19257879891052,300.0,4.0,1,1,apple_pay_failure
2025-01-01 18:18:00,181.49241014340902,716.5706191506866,3.0,0,1,apple_pay_failure
2025-01-01 18:19:30,222.0018713981836,588.789499851404,3.0,0,1,apple_pay_failure
2025-01-01 18:21:00,194.37596529256257,1187.0583201784673,0.0,0,1,apple_pay_failure
2025-01-01 18:22:30,205.88723690418487,698.9293931849726,2.0,0,1,apple_pay_failure
2025-01-01 18:24:00,217.75758557658702,402.1170415008754,0.0,1,1,apple_pay_failure
2025-01-01 18:25:30,213.04745936980254,300.0,2.0,1,1,apple_pay_failure
2025-01-01 18:27:00,205.89219226525125,300.0,3.0,1,1,apple_pay_failure
2025-01-01 18:28:30,159.77561019550132,992.6195423429577,2.0,0,1,apple_pay_failure
2025-01-01 18:30:00,160.48221683433434,554.0068321422409,0.0,0,1,apple_pay_failure
2025-01-01 18:31:30,248.4813983689604,300.0,3.0,1,1,apple_pay_failure
2025-01-01 18:33:00,189.39402699378712,459.57822655932586,1.0,1,1,apple_pay_failure
2025-01-01 18:34:30,156.02130683023148,744.6819068116303,2.0,0,1,apple_pay_failure
2025-01-01 18:36:00,143.74651361314454,823.8013143148412,1.0,0,1,apple_pay_failure
2025-01-01 18:37:30,155.9485344126557,919.6160255807421,4.0,0,1,apple_pay_failure
2025-01-01 18:39:00,161.50907509518245,1073.9219055072213,3.0,0,1,apple_pay_failure
2025-01-01 18:40:30,185.31980366112788,416.54106775982336,0.0,1,1,apple_pay_failure
2025-01-01 18:42:00,183.70834122387654,559.627089990012,2.0,0,1,apple_pay_failure
2025-01-01 18:43:30,184.68826195805008,300.0,2.0,1,1,apple_pay_failure
2025-01-01 18:45:00,202.54984085131136,587.2643663125243,3.0,0,1,apple_pay_failure
2025-01-01 18:46:30,219.51407754944665,442.8829131988153,1.0,1,1,apple_pay_failure
2025-01-01 18:48:00,211.24145203526217,300.0,1.0,1,1,apple_pay_failure
2025-01-01 18:49:30,207.5316359391215,313.0754708984678,2.0,1,1,apple_pay_failure
2025-01-01 18:51:00,205.77731294190315,648.8952594268675,4.0,0,1,apple_pay_failure
2025-01-01 18:52:30,162.72250265677454,300.0,3.0,1,1,apple_pay_failure
2025-01-01 18:54:00,171.12024553300392,375.82962193682874,1.0,1,1,apple_pay_failure
2025-01-01 18:55:30,186.5520099870038,338.63953565780855,4.0,1,1,apple_pay_failure
2025-01-01 18:57:00,248.09120865578853,697.189043195152,2.0,0,1,apple_pay_failure
2025-01-01 18:58:30,190.89066034348474,331.1854979743182,0.0,1,1,apple_pay_failure
2025-01-01 19:00:00,245.60462769822735,300.0,4.0,1,1,apple_pay_failure
2025-01-01 19:01:30,214.58275401674894,300.0,2.0,1,1,apple_pay_failure
2025-01-01 19:03:00,150.699315115013,640.5314188513084,2.0,0,1,apple_pay_failure
2025-01-01 19:04:30,185.78717381350918,300.0,4.0,1,1,apple_pay_failure
2025-01-01 19:06:00,153.67261805624597,511.68652536105316,4.0,0,1,apple_pay_failure
2025-01-01 19:07:30,192.21969699668327,470.4185906762648,5.0,1,1,apple_pay_failure
2025-01-01 19:09:00,200.78612098539236,376.7024435197866,3.0,1,1,apple_pay_failure
2025-01-01 19:10:30,230.87542984720176,340.16960655317075,1.0,1,1,apple_pay_failure
2025-01-01 19:12:00,238.94732038827001,441.7330052464747,2.0,1,1,apple_pay_failure
2025-01-01 19:13:30,168.8667167214613,300.0,3.0,1,1,apple_pay_failure
2025-01-01 19:15:00,232.9612103997577,371.1263225658205,5.0,1,1,apple_pay_failure
2025-01-01 19:16:30,194.69029556346433,416.4166133478792,2.0,1,1,apple_pay_failure
2025-01-01 19:18:00,164.9035878372933,300.0,2.0,1,1,apple_pay_failure
2025-01-01 19:19:30,171.02955047951647,487.6497315533514,5.0,1,1,apple_pay_failure
2025-01-01 19:21:00,238.7488853561783,316.0491043815804,2.0,1,1,apple_pay_failure
2025-01-01 19:22:30,260.3450732244421,300.0,3.0,1,1,apple_pay_failure
2025-01-01 19:24:00,191.6468854245486,300.0,2.0,1,1,apple_pay_failure
2025-01-01 19:25:30,162.91795764349843,328.07791375556735,0.0,1,1,apple_pay_failure
2025-01-01 19:27:00,261.0360698629297,600.5130917502277,4.0,0,1,apple_pay_failure
2025-01-01 19:28:30,149.311367587789,792.8221614721695,1.0,0,1,apple_pay_failure
2025-01-01 19:30:00,110.02926639774415,204.249078082264,0.0,1,0,apple_pay_failure
2025-01-01 19:31:30,99.2430554774354,232.09185253771014,0.0,1,0,apple_pay_failure
2025-01-01 19:33:00,124.42220555768314,218.04094120756915,0.0,1,0,apple_pay_failure
2025-01-01 19:34:30,108.95626063793637,177.3761813829193,0.0,1,0,apple_pay_failure
2025-01-01 19:36:00,103.2724851281846,166.72042457812432,0.0,1,0,apple_pay_failure
2025-01-01 19:37:30,114.69253239132955,168.68350859498747,0.0,1,0,apple_pay_failure
2025-01-01 19:39:00,97.97387366856651,160.5550255198635,0.0,1,0,apple_pay_failure
2025-01-01 19:40:30,119.80314384908564,185.8503342310536,0.0,1,0,apple_pay_failure
2025-01-01 19:42:00,109.76441474054137,195.52796670544188,0.0,1,0,apple_pay_failure
2025-01-01 19:43:30,114.33871444835857,189.5759875147133,0.0,1,0,apple_pay_failure
2025-01-01 19:45:00,109.2429285544347,189.8412501156377,0.0,1,0,apple_pay_failure
2025-01-01 19:46:30,133.68394351278712,188.95500481922912,0.0,1,0,apple_pay_failure
2025-01-01 19:48:00,118.36719477231003,181.6986474815815,0.0,1,0,apple_pay_failure
2025-01-01 19:49:30,127.86767748988864,166.44109408750717,0.0,1,0,apple_pay_failure
2025-01-01 19:51:00,127.19678021266739,228.11614740571142,0.0,1,0,apple_pay_failure
2025-01-01 19:52:30,107.90773569695597,211.18829142830316,0.0,1,0,apple_pay_failure
2025-01-01 19:54:00,128.54960022681644,162.2936036874206,1.0,1,0,apple_pay_failure
2025-01-01 19:55:30,125.23662711363333,162.36896079771412,0.0,1,0,apple_pay_failure
2025-01-01 19:57:00,124.7047285226568,170.34324185562437,0.0,1,0,apple_pay_failure
2025-01-01 19:58:30,114.01960077593259,185.8257185124135,0.0,1,0,apple_pay_failure
2025-01-01 20:00:00,113.5973386393044,216.4761517210058,0.0,1,0,apple_pay_failure
2025-01-01 20:01:30,131.78327972307162,210.37116822470267,0.0,1,0,apple_pay_failure
2025-01-01 20:03:00,152.72939350798043,211.69375890100576,0.0,1,0,apple_pay_failure
2025-01-01 20:04:30,107.54809264574567,212.19585610496233,0.0,1,0,apple_pay_failure
2025-01-01 20:06:00,128.01672311585995,212.66005847497573,0.0,1,0,apple_pay_failure
2025-01-01 20:07:30,114.50621207635417,203.41723969573158,0.0,1,0,apple_pay_failure
2025-01-01 20:09:00,131.7728489895286,196.36259081687965,0.0,1,0,apple_pay_failure
2025-01-01 20:10:30,126.574699610222,182.0236443898807,0.0,1,0,apple_pay_failure
2025-01-01 20:12:00,135.9018832412981,141.4057947522996,0.0,1,0,apple_pay_failure
2025-01-01 20:13:30,78.07822857368129,181.76944593649503,0.0,1,0,apple_pay_failure
2025-01-01 20:15:00,110.98375982525376,230.04944322050264,0.0,1,0,apple_pay_failure
2025-01-01 20:16:30,105.1772217260269,171.50084158232923,0.0,1,0,apple_pay_failure
2025-01-01 20:18:00,118.38018493005931,169.35766625540248,0.0,1,0,apple_pay_failure
2025-01-01 20:19:30,109.1420132842243,210.435388121627,0.0,1,0,apple_pay_failure
2025-01-01 20:21:00,110.38536663690302,187.0156206518741,0.0,1,0,apple_pay_failure
2025-01-01 20:22:30,130.22789730137478,172.9986748760286,0.0,1,0,apple_pay_failure
2025-01-01 20:24:00,148.5289221659975,223.94157849788942,0.0,1,0,apple_pay_failure
2025-01-01 20:25:30,77.64254150457916,200.60389619694948,0.0,1,0,apple_pay_failure
2025-01-01 20:27:00,115.34324990089848,203.93944836603848,0.0,1,0,apple_pay_failure
2025-01-01 20:28:30,124.68080687853842,170.8856147864292,0.0,1,0,apple_pay_failure
2025-01-01 20:30:00,120.07099649330777,197.42629273185386,0.0,1,0,apple_pay_failure
2025-01-01 20:31:30,114.82297372125161,194.41232329484416,0.0,1,0,apple_pay_failure
2025-01-01 20:33:00,99.69798669139364,204.4269502413793,0.0,1,0,apple_pay_failure
2025-01-01 20:34:30,105.85991465036018,213.7292411290333,0.0,1,0,apple_pay_failure
2025-01-01 20:36:00,130.87472959806698,213.15183772934432,0.0,1,0,apple_pay_failure
2025-01-01 20:37:30,136.13643690459682,189.26227037126415,0.0,1,0,apple_pay_failure
2025-01-01 20:39:00,121.45011874746444,202.23748319205,0.0,1,0,apple_pay_failure
2025-01-01 20:40:30,107.45741444928203,156.37304883204234,0.0,1,0,apple_pay_failure
2025-01-01 20:42:00,121.4356645434976,201.09030286804114,0.0,1,0,apple_pay_failure
2025-01-01 20:43:30,116.39940332965982,202.10787441186395,0.0,1,0,apple_pay_failure
2025-01-01 20:45:00,128.184069301003,175.27864420688147,0.0,1,0,apple_pay_failure
2025-01-01 20:46:30,121.77448676527122,165.6563038300421,0.0,1,0,apple_pay_failure
2025-01-01 20:48:00,110.67315726303514,183.5310670601117,0.0,1,0,apple_pay_failure
2025-01-01 20:49:30,122.86009597918577,154.66367212541448,0.0,1,0,apple_pay_failure
2025-01-01 20:51:00,102.30892974460942,193.52201724452982,0.0,1,0,apple_pay_failure
2025-01-01 20:52:30,132.30017878286358,192.36752896080074,0.0,1,0,apple_pay_failure
2025-01-01 20:54:00,137.73502840244504,161.28580959542205,0.0,1,0,apple_pay_failure
2025-01-01 20:55:30,102.32243896766138,186.18919007267573,0.0,1,0,apple_pay_failure
2025-01-01 20:57:00,126.3157044742904,211.6928169437938,0.0,1,0,apple_pay_failure
2025-01-01 20:58:30,105.13106612391032,211.56525427908815,0.0,1,0,apple_pay_failure
2025-01-01 21:00:00,136.07526541168764,210.26352499542708,0.0,1,0,apple_pay_failure
2025-01-01 21:01:30,133.56177927051033,181.24100078149658,0.0,1,0,apple_pay_failure
2025-01-01 21:03:00,116.5473278258308,176.5466660222667,0.0,1,0,apple_pay_failure
2025-01-01 21:04:30,134.92400564164808,175.22842785462234,0.0,1,0,apple_pay_failure
2025-01-01 21:06:00,113.5336326593829,199.81699279258896,0.0,1,0,apple_pay_failure
2025-01-01 21:07:30,110.35485252747056,243.79668251274552,0.0,1,0,apple_pay_failure
2025-01-01 21:09:00,111.46920158116447,220.12510517896942,0.0,1,0,apple_pay_failure
2025-01-01 21:10:30,117.88723795673991,224.64432219188478,0.0,1,0,apple_pay_failure
2025-01-01 21:12:00,115.14882564533994,218.7476120729861,0.0,1,0,apple_pay_failure
2025-01-01 21:13:30,122.31517479641347,144.68087714143823,0.0,1,0,apple_pay_failure
2025-01-01 21:15:00,110.77412183696674,179.98201869311927,0.0,1,0,apple_pay_failure
2025-01-01 21:16:30,131.47044157566702,174.18389129349444,0.0,1,0,apple_pay_failure
2025-01-01 21:18:00,135.31453876205208,216.23944283585388,0.0,1,0,apple_pay_failure
2025-01-01 21:19:30,112.56207107078792,227.20964491378697,0.0,1,0,apple_pay_failure
2025-01-01 21:21:00,98.59237859554258,168.4020557181425,0.0,1,0,apple_pay_failure
2025-01-01 21:22:30,130.85809852799198,185.96650880480058,0.0,1,0,apple_pay_failure
2025-01-01 21:24:00,137.07834921497758,198.9294132943362,0.0,1,0,apple_pay_failure
2025-01-01 21:25:30,117.55127408722765,172.7885857368899,0.0,1,0,apple_pay_failure
2025-01-01 21:27:00,100.70224413836752,169.2869574474679,0.0,1,0,apple_pay_failure
2025-01-01 21:28:30,124.00141376569647,168.06401905304497,0.0,1,0,apple_pay_failure
