timestamp,g_force,wrist_velocity,jerk_magnitude,context_activity,label,scenario
2025-01-01 14:00:00.000,0.9430087470359529,0.32075952328670343,0.0,0,0,false_sos
2025-01-01 14:00:00.100,1.0603013102927763,0.26908588081476104,0.11729256325682336,0,0,false_sos
2025-01-01 14:00:00.200,0.9964397537329557,0.31312841147018705,0.06386155655982062,0,0,false_sos
2025-01-01 14:00:00.300,1.036144987099663,0.31982249589808576,0.03970523336670739,0,0,false_sos
2025-01-01 14:00:00.400,1.1076081366760808,0.35739060255002936,0.07146314957641775,0,0,false_sos
2025-01-01 14:00:00.500,1.0425870310635637,0.25774067341354684,0.06502110561251717,0,0,false_sos
2025-01-01 14:00:00.600,1.1080150319778022,0.38704669071709974,0.0654280009142385,0,0,false_sos
2025-01-01 14:00:00.700,1.0688969099335457,0.1982217921900276,0.039118122044256465,0,0,false_sos
2025-01-01 14:00:00.800,1.1182948589948718,0.24485666012327084,0.04939794906132611,0,0,false_sos
2025-01-01 14:00:00.900,0.9163698295569173,0.27720037579781065,0.20192502943795454,0,0,false_sos
2025-01-01 14:00:01.000,0.9368808780038761,0.21562206285785032,0.020511048446958835,0,0,false_sos
2025-01-01 14:00:01.100,0.8990715243744745,0.21096042230878037,0.03780935362940163,0,0,false_sos
2025-01-01 14:00:01.200,1.0450277428224826,0.3155216193732817,0.1459562184480081,0,0,false_sos
2025-01-01 14:00:01.300,0.980533899849155,0.21119979639170916,0.06449384297332761,0,0,false_sos
2025-01-01 14:00:01.400,1.0730992563887742,0.2593489524187822,0.09256535653961928,0,0,false_sos
2025-01-01 14:00:01.500,1.025388073818907,0.33988362845413445,0.04771118256986728,0,0,false_sos
2025-01-01 14:00:01.600,1.0101842624165585,0.35704545606659155,0.0152038114023485,0,0,false_sos
2025-01-01 14:00:01.700,1.172030637390489,0.2807750295689633,0.1618463749739305,0,0,false_sos
2025-01-01 14:00:01.800,1.0485030925517038,0.33550208493621225,0.12352754483878514,0,0,false_sos
2025-01-01 14:00:01.900,0.9978582680010848,0.33862443717682245,0.05064482455061903,0,0,false_sos
2025-01-01 14:00:02.000,0.9212671374581934,0.3266567976270605,0.07659113054289135,0,0,false_sos
2025-01-01 14:00:02.100,1.0952564218004786,0.28536569751982527,0.1739892843422851,0,0,false_sos
2025-01-01 14:00:02.200,1.0762264488836155,0.2508620744548136,0.019029972916863036,0,0,false_sos
2025-01-01 14:00:02.300,0.9130254727399265,0.22764891736309822,0.163200976143689,0,0,false_sos
2025-01-01 14:00:02.400,0.9883830933931185,0.36987201344938203,0.07535762065319196,0,0,false_sos
2025-01-01 14:00:02.500,1.0190286270628008,0.3251551896382239,0.030645533669682368,0,0,false_sos
2025-01-01 14:00:02.600,0.8688725271038468,0.29214329717646703,0.15015609995895407,0,0,false_sos
2025-01-01 14:00:02.700,0.9777492386792981,0.2953791114683244,0.10887671157545131,0,0,false_sos
2025-01-01 14:00:02.800,1.1119390736134553,0.33828157563019684,0.13418983493415726,0,0,false_sos
2025-01-01 14:00:02.900,0.8707913629398267,0.34511896890800087,0.2411477106736286,0,0,false_sos
2025-01-01 14:00:03.000,1.0392697466007612,0.2958823843042209,0.16847838366093448,0,0,false_sos
2025-01-01 14:00:03.100,1.1514193775021377,0.24495044384806436,0.11214963090137653,0,0,false_sos
2025-01-01 14:00:03.200,0.9503216238147593,0.3383425248639697,0.20109775368737848,0,0,false_sos
2025-01-01 14:00:03.300,0.9636998095006705,0.2785203121451083,0.013378185685911204,0,0,false_sos
2025-01-01 14:00:03.400,1.0173961327560155,0.2241043601929032,0.05369632325534501,0,0,false_sos
2025-01-01 14:00:03.500,1.0411463084115828,0.366587947461777,0.023750175655567363,0,0,false_sos
2025-01-01 14:00:03.600,1.0317793061126026,0.39261454839215093,0.009367002298980243,0,0,false_sos
2025-01-01 14:00:03.700,0.8789723907791382,0.31640548890261067,0.15280691533346435,0,0,false_sos
2025-01-01 14:00:03.800,0.938877282427371,0.29717470120796974,0.05990489164823276,0,0,false_sos
2025-01-01 14:00:03.900,1.0081015828515003,0.29314897220170366,0.0692243004241293,0,0,false_sos
2025-01-01 14:00:04.000,0.9746187223197832,0.281996385576414,0.03348286053171712,0,0,false_sos
2025-01-01 14:00:04.100,1.0910666437993721,0.27573262953792943,0.11644792147958893,0,0,false_sos
2025-01-01 14:00:04.200,0.9742301074418073,0.2569247820445921,0.11683653635756486,0,0,false_sos
2025-01-01 14:00:04.300,0.9703907137516197,0.25629189767950455,0.003839393690187598,0,0,false_sos
2025-01-01 14:00:04.400,1.1479690052964635,0.27021462336560775,0.17757829154484384,0,0,false_sos
2025-01-01 14:00:04.500,0.9934678755068606,0.2908279340879552,0.15450112978960295,0,0,false_sos
2025-01-01 14:00:04.600,0.9215780545179306,0.3027588776095029,0.07188982098892993,0,0,false_sos
2025-01-01 14:00:04.700,0.9998088779519588,0.3209534052390392,0.07823082343402821,0,0,false_sos
2025-01-01 14:00:04.800,0.981405930237803,0.24559473405827167,0.01840294771415585,0,0,false_sos
2025-01-01 14:00:04.900,1.0568779835886517,0.3275734587426538,0.07547205335084872,0,0,false_sos
2025-01-01 14:00:05.000,1.0362526890591053,0.24867201824340043,0.020625294529546423,0,0,false_sos
2025-01-01 14:00:05.100,0.9733859379771284,0.24667946315898495,0.06286675108197692,0,0,false_sos
2025-01-01 14:00:05.200,0.9692433851997139,0.3196369503132305,0.004142552777414488,0,0,false_sos
2025-01-01 14:00:05.300,0.9575738073933819,0.20927448654561726,0.011669577806331932,0,0,false_sos
2025-01-01 14:00:05.400,1.1080244796744696,0.2909421826859418,0.15045067228108766,0,0,false_sos
2025-01-01 14:00:05.500,1.1612176660035507,0.19723969143486192,0.0531931863290811,0,0,false_sos
2025-01-01 14:00:05.600,0.9953974089701169,0.27103730554124755,0.16582025703343384,0,0,false_sos
2025-01-01 14:00:05.700,1.0451723430469597,0.32880037483634916,0.04977493407684286,0,0,false_sos
2025-01-01 14:00:05.800,1.0287625836414378,0.3377324001091976,0.016409759405521918,0,0,false_sos
2025-01-01 14:00:05.900,0.9590427924644623,0.24147203428729125,0.06971979117697547,0,0,false_sos
2025-01-01 14:00:06.000,0.9581468628082168,0.2441488183692279,0.0008959296562455199,0,0,false_sos
2025-01-01 14:00:06.100,0.96149028673642,0.3752264474156317,0.003343423928203193,0,0,false_sos
2025-01-01 14:00:06.200,0.8460672440725608,0.31801902226398454,0.11542304266385917,0,0,false_sos
2025-01-01 14:00:06.300,0.9394037419529971,0.3684077437578439,0.0933364978804363,0,0,false_sos
2025-01-01 14:00:06.400,1.036278483221397,0.21951101908231885,0.09687474126839979,0,0,false_sos
2025-01-01 14:00:06.500,1.0737875318605496,0.37020823600124236,0.03750904863915272,0,0,false_sos
2025-01-01 14:00:06.600,0.9834120241378779,0.31642832279446464,0.09037550772267178,0,0,false_sos
2025-01-01 14:00:06.700,0.9699264031032679,0.23604426535060571,0.01348562103460993,0,0,false_sos
2025-01-01 14:00:06.800,1.0511907178624162,0.3019795420899418,0.0812643147591483,0,0,false_sos
2025-01-01 14:00:06.900,1.1642954589036305,0.3724613319863881,0.11310474104121426,0,0,false_sos
2025-01-01 14:00:07.000,0.9257331819351968,0.32861818107371626,0.23856227696843368,0,0,false_sos
2025-01-01 14:00:07.100,0.9380271973496954,0.23868251799952123,0.012294015414498594,0,0,false_sos
2025-01-01 14:00:07.200,0.9650283475454807,0.21873365859259528,0.027001150195785306,0,0,false_sos
2025-01-01 14:00:07.300,1.043833464768587,0.35772829454190547,0.07880511722310624,0,0,false_sos
2025-01-01 14:00:07.400,0.931668563722813,0.28300822112623664,0.11216490104577392,0,0,false_sos
2025-01-01 14:00:07.500,1.0372526377603226,0.2577937336586019,0.10558407403750958,0,0,false_sos
2025-01-01 14:00:07.600,0.9423200261251695,0.27279770185567614,0.0949326116351531,0,0,false_sos
2025-01-01 14:00:07.700,1.0449809364846505,0.26112660649770963,0.102660910359481,0,0,false_sos
2025-01-01 14:00:07.800,0.9748113539093939,0.22461162502644283,0.07016958257525663,0,0,false_sos
2025-01-01 14:00:07.900,0.9656082334504956,0.2862699473784429,0.009203120458898262,0,0,false_sos
2025-01-01 14:00:08.000,1.0651996354456978,0.311250376110818,0.09959140199520222,0,0,false_sos
2025-01-01 14:00:08.100,0.9051664952677275,0.22344318527767526,0.16003314017797032,0,0,false_sos
2025-01-01 14:00:08.200,0.9385098383377241,0.35041162910822576,0.033343343069996534,0,0,false_sos
2025-01-01 14:00:08.300,1.0583332376544514,0.2565635340798491,0.11982339931672736,0,0,false_sos
2025-01-01 14:00:08.400,1.0612728839380214,0.3123045788515771,0.0029396462835700188,0,0,false_sos
2025-01-01 14:00:08.500,1.0166240042680912,0.33953067863475606,0.04464887966993025,0,0,false_sos
2025-01-01 14:00:08.600,0.8250307781402133,0.3411182820113363,0.19159322612787788,0,0,false_sos
2025-01-01 14:00:08.700,1.0577572045926102,0.37209328345819126,0.23272642645239694,0,0,false_sos
2025-01-01 14:00:08.800,1.0279000475095217,0.2102610457427073,0.02985715708308856,0,0,false_sos
2025-01-01 14:00:08.900,0.9729105396718394,0.19770180039440266,0.054989507837682305,0,0,false_sos
2025-01-01 14:00:09.000,0.844368745478494,0.217798924375312,0.12854179419334533,0,0,false_sos
2025-01-01 14:00:09.100,1.0664724526241713,0.2671757586014229,0.2221037071456773,0,0,false_sos
2025-01-01 14:00:09.200,1.139939343206481,0.31864404851867056,0.07346689058230971,0,0,false_sos
2025-01-01 14:00:09.300,1.0400909835949974,0.23855411255553488,0.09984835961148364,0,0,false_sos
2025-01-01 14:00:09.400,1.106425353893801,0.24243267030720705,0.06633437029880351,0,0,false_sos
2025-01-01 14:00:09.500,0.9473986185841687,0.2708453565346654,0.15902673530963218,0,0,false_sos
2025-01-01 14:00:09.600,1.0147956760313774,0.2652636858270647,0.0673970574472087,0,0,false_sos
2025-01-01 14:00:09.700,0.9479154816837055,0.4045941608485882,0.0668801943476719,0,0,false_sos
2025-01-01 14:00:09.800,0.91035945028928,0.24446792669209466,0.03755603139442554,0,0,false_sos
2025-01-01 14:00:09.900,0.9722714569961903,0.3858963100337412,0.06191200670691033,0,0,false_sos
2025-01-01 14:00:10.000,0.9270924174914116,0.4110826926827785,0.04517903950477875,0,0,false_sos
2025-01-01 14:00:10.100,0.9403091797866642,0.29090097444678015,0.013216762295252593,0,0,false_sos
2025-01-01 14:00:10.200,0.9383225177175966,0.2874820022483,0.001986662069067613,0,0,false_sos
2025-01-01 14:00:10.300,0.9668837028938173,0.29018191635795326,0.02856118517622075,0,0,false_sos
2025-01-01 14:00:10.400,0.9766550889981419,0.26327808939585573,0.009771386104324598,0,0,false_sos
2025-01-01 14:00:10.500,1.0101418195780782,0.2663236417346822,0.03348673057993634,0,0,false_sos
2025-01-01 14:00:10.600,0.9002131074684485,0.23035324098518167,0.10992871210962973,0,0,false_sos
2025-01-01 14:00:10.700,1.025373676859324,0.3154312248082787,0.1251605693908755,0,0,false_sos
2025-01-01 14:00:10.800,0.8545262863472792,0.3418474213378969,0.17084739051204478,0,0,false_sos
2025-01-01 14:00:10.900,1.0044553754714358,0.2565473047340062,0.1499290891241566,0,0,false_sos
2025-01-01 14:00:11.000,1.0064692950715475,0.3376553456807823,0.0020139196001116577,0,0,false_sos
2025-01-01 14:00:11.100,0.8144121956488826,0.27213351619378046,0.1920570994226649,0,0,false_sos
2025-01-01 14:00:11.200,0.9727103062943745,0.2607231752315849,0.15829811064549193,0,0,false_sos
2025-01-01 14:00:11.300,1.0871876888842618,0.3017469419321911,0.11447738258988727,0,0,false_sos
2025-01-01 14:00:11.400,1.0360424943367421,0.27964136569546333,0.051145194547519646,0,0,false_sos
2025-01-01 14:00:11.500,0.9604561082081706,0.3810580981698381,0.07558638612857149,0,0,false_sos
2025-01-01 14:00:11.600,0.9562738606624902,0.36627334457618593,0.004182247545680418,0,0,false_sos
2025-01-01 14:00:11.700,1.0233621191854405,0.36503805129277733,0.0670882585229503,0,0,false_sos
2025-01-01 14:00:11.800,1.0123363674148673,0.3385139282896614,0.011025751770573189,0,0,false_sos
2025-01-01 14:00:11.900,1.0653844415224862,0.2316380385178582,0.053048074107618914,0,0,false_sos
2025-01-01 14:00:12.000,1.0115004624307573,0.2694809881505936,0.05388397909172893,0,0,false_sos
2025-01-01 14:00:12.100,1.0724137226542934,0.2919471457955189,0.06091326022353605,0,0,false_sos
2025-01-01 14:00:12.200,1.0320538934532835,0.3864094692011525,0.04035982920100989,0,0,false_sos
2025-01-01 14:00:12.300,0.9388324881101638,0.2572864032126092,0.09322140534311962,0,0,false_sos
2025-01-01 14:00:12.400,0.9186398379564695,0.359006584485676,0.020192650153694314,0,0,false_sos
2025-01-01 14:00:12.500,0.9578408597360717,0.1998740351790374,0.03920102177960216,0,0,false_sos
2025-01-01 14:00:12.600,1.0326926917043724,0.2750671908468672,0.0748518319683007,0,0,false_sos
2025-01-01 14:00:12.700,0.9305760148059075,0.28022765695901397,0.10211667689846493,0,0,false_sos
2025-01-01 14:00:12.800,1.0713435332825911,0.3536851661259799,0.14076751847668367,0,0,false_sos
2025-01-01 14:00:12.900,0.8768748704116742,0.34909260150220145,0.1944686628709169,0,0,false_sos
2025-01-01 14:00:13.000,0.9788602070990379,0.3053645596633477,0.10198533668736365,0,0,false_sos
2025-01-01 14:00:13.100,0.9254112589023802,0.3217385005868025,0.053448948196657686,0,0,false_sos
2025-01-01 14:00:13.200,1.0250302974932848,0.23193374617027537,0.0996190385909046,0,0,false_sos
2025-01-01 14:00:13.300,1.0109432257996176,0.20892596346608805,0.014087071693667186,0,0,false_sos
2025-01-01 14:00:13.400,0.9878639846869045,0.3550009854879476,0.02307924111271309,0,0,false_sos
2025-01-01 14:00:13.500,0.9010529839118563,0.4400576577507098,0.08681100077504822,0,0,false_sos
2025-01-01 14:00:13.600,0.9294007686722543,0.35261666892941035,0.02834778476039801,0,0,false_sos
2025-01-01 14:00:13.700,0.9471494001115905,0.27734676628712984,0.01774863143933625,0,0,false_sos
2025-01-01 14:00:13.800,1.0794359300763752,0.3267324817227386,0.13228652996478463,0,0,false_sos
2025-01-01 14:00:13.900,0.9484962354302384,0.20734966475448144,0.13093969464613675,0,0,false_sos
2025-01-01 14:00:14.000,1.0400934150226882,0.290252579142806,0.09159717959244973,0,0,false_sos
2025-01-01 14:00:14.100,1.0735988105033603,0.2836818510464567,0.03350539548067211,0,0,false_sos
2025-01-01 14:00:14.200,0.932441886859692,0.3673723482634631,0.14115692364366828,0,0,false_sos
2025-01-01 14:00:14.300,0.9586845720238252,0.314949792276283,0.026242685164133195,0,0,false_sos
2025-01-01 14:00:14.400,0.8234506323600407,0.34994499431663895,0.1352339396637845,0,0,false_sos
2025-01-01 14:00:14.500,0.9677496802522452,0.2317124349495604,0.1442990478922045,0,0,false_sos
2025-01-01 14:00:14.600,1.0570660335385655,0.2873868538033812,0.08931635328632037,0,0,false_sos
2025-01-01 14:00:14.700,0.924269083121128,0.2603173528936445,0.13279695041743755,0,0,false_sos
2025-01-01 14:00:14.800,1.0281089223147908,0.3427839393456293,0.1038398391936628,0,0,false_sos
2025-01-01 14:00:14.900,1.063085638329354,0.3146112837126387,0.034976716014563314,0,0,false_sos
2025-01-01 14:00:15.000,1.0288025430079792,0.30851645592263693,0.03428309532137486,0,0,false_sos
2025-01-01 14:00:15.100,0.9649438850154646,0.19832673509853394,0.06385865799251467,0,0,false_sos
2025-01-01 14:00:15.200,1.0182668163565323,0.38934284502194266,0.05332293134106769,0,0,false_sos
2025-01-01 14:00:15.300,0.9459699953904955,0.2835722383231433,0.07229682096603673,0,0,false_sos
2025-01-01 14:00:15.400,0.9664591742392973,0.30161134405695494,0.020489178848801748,0,0,false_sos
2025-01-01 14:00:15.500,1.1909396640399226,0.4283561288714472,0.2244804898006253,0,0,false_sos
2025-01-01 14:00:15.600,0.9593325413765994,0.37761728455861787,0.23160712266332317,0,0,false_sos
2025-01-01 14:00:15.700,0.9451010849760639,0.31048018799361765,0.01423145640053547,0,0,false_sos
2025-01-01 14:00:15.800,1.0123922876961648,0.33643824723014176,0.06729120272010092,0,0,false_sos
2025-01-01 14:00:15.900,1.0222268925130558,0.2349909157997216,0.009834604816890913,0,0,false_sos
2025-01-01 14:00:16.000,1.0603764007103225,0.26160565459241125,0.0381495081972667,0,0,false_sos
2025-01-01 14:00:16.100,0.9392092176941489,0.3386128224335808,0.12116718301617357,0,0,false_sos
2025-01-01 14:00:16.200,0.915627425826167,0.27399372307950737,0.023581791867981927,0,0,false_sos
2025-01-01 14:00:16.300,0.9217840795822407,0.2867834028091681,0.006156653756073771,0,0,false_sos
2025-01-01 14:00:16.400,1.059789727643586,0.22725527088754544,0.1380056480613452,0,0,false_sos
2025-01-01 14:00:16.500,1.0860545227331437,0.2658436006052528,0.026264795089557813,0,0,false_sos
2025-01-01 14:00:16.600,0.9394018315752545,0.2670339671772333,0.14665269115788926,0,0,false_sos
2025-01-01 14:00:16.700,0.9591339012654038,0.2733273126495902,0.01973206969014929,0,0,false_sos
2025-01-01 14:00:16.800,0.9979483403251098,0.3892410615545664,0.03881443905970605,0,0,false_sos
2025-01-01 14:00:16.900,0.9232768159517941,0.29356989048905885,0.0746715243733157,0,0,false_sos
2025-01-01 14:00:17.000,0.9601622915622097,0.30427278243886297,0.03688547561041555,0,0,false_sos
2025-01-01 14:00:17.100,1.0750768375086077,0.35681375642324903,0.11491454594639805,0,0,false_sos
2025-01-01 14:00:17.200,0.9021510600882109,0.2848093557036502,0.17292577742039683,0,0,false_sos
2025-01-01 14:00:17.300,1.029487606582169,0.3349753435131122,0.1273365464939581,0,0,false_sos
2025-01-01 14:00:17.400,1.0943227794788166,0.2068216521279908,0.06483517289664764,0,0,false_sos
2025-01-01 14:00:17.500,0.9139126827350275,0.2827388300053445,0.18041009674378916,0,0,false_sos
2025-01-01 14:00:17.600,1.0875420079280118,0.3273071077912171,0.17362932519298435,0,0,false_sos
2025-01-01 14:00:17.700,1.000369112094035,0.2631296974897516,0.0871728958339768,0,0,false_sos
2025-01-01 14:00:17.800,0.9571853281467807,0.3250299461978919,0.043183783947254306,0,0,false_sos
2025-01-01 14:00:17.900,1.069470200796069,0.28272429157782347,0.11228487264928833,0,0,false_sos
2025-01-01 14:00:18.000,1.0058392918379258,0.3306263469692356,0.06363090895814327,0,0,false_sos
2025-01-01 14:00:18.100,0.9807951428289078,0.35425036196583853,0.02504414900901797,0,0,false_sos
2025-01-01 14:00:18.200,0.9537726674808528,0.2884833262435015,0.02702247534805502,0,0,false_sos
2025-01-01 14:00:18.300,0.9326662770502799,0.24237128618034184,0.02110639043057283,0,0,false_sos
2025-01-01 14:00:18.400,0.9557277905989158,0.24950649786264992,0.023061513548635837,0,0,false_sos
2025-01-01 14:00:18.500,0.9806795750088662,0.303747427521797,0.024951784409950384,0,0,false_sos
2025-01-01 14:00:18.600,1.0609784658047234,0.29726279458586685,0.08029889079585728,0,0,false_sos
2025-01-01 14:00:18.700,0.9797985929456954,0.2179914196780402,0.08117987285902806,0,0,false_sos
2025-01-01 14:00:18.800,1.023331240861171,0.3498906514858739,0.04353264791547562,0,0,false_sos
2025-01-01 14:00:18.900,0.9688275579965352,0.3615622294407252,0.054503682864635805,0,0,false_sos
2025-01-01 14:00:19.000,1.038015015823508,0.2999022645077777,0.06918745782697278,0,0,false_sos
2025-01-01 14:00:19.100,0.994210947342086,0.31518621952842935,0.04380406848142193,0,0,false_sos
2025-01-01 14:00:19.200,1.1015246478150047,0.3150297643189244,0.10731370047291866,0,0,false_sos
2025-01-01 14:00:19.300,3.8170441995548017,3.587151150849931,2.715519551739797,0,0,false_sos
2025-01-01 14:00:19.400,4.677021350567586,5.295121287455126,0.8599771510127847,0,0,false_sos
2025-01-01 14:00:19.500,5.898625813981481,6.2501468509537625,1.221604463413895,0,0,false_sos
2025-01-01 14:00:19.600,6.739900393048151,7.101991582325638,0.8412745790666696,0,0,false_sos
2025-01-01 14:00:19.700,7.878545351835851,9.066911794071785,1.1386449587877001,0,0,false_sos
2025-01-01 14:00:19.800,8.720552029043029,10.568263720304333,0.8420066772071779,0,0,false_sos
2025-01-01 14:00:19.900,8.910105412634465,11.12085423337168,0.18955338359143603,0,0,false_sos
2025-01-01 14:00:20.000,9.355352069012236,11.546546439163505,0.44524665637777083,2,1,false_sos
2025-01-01 14:00:20.100,9.307040383471481,11.712969685697589,0.04831168554075482,2,1,false_sos
2025-01-01 14:00:20.200,8.668621019937197,9.7066568969271,0.6384193635342843,2,1,false_sos
2025-01-01 14:00:20.300,8.107145912816186,9.484464461577554,0.5614751071210105,2,1,false_sos
2025-01-01 14:00:20.400,7.454665123421139,7.569962175618216,0.6524807893950468,2,1,false_sos
2025-01-01 14:00:20.500,5.563860059708476,5.950745974014232,1.890805063712663,2,1,false_sos
2025-01-01 14:00:20.600,4.668492775719281,4.808530840247192,0.8953672839891951,2,1,false_sos
2025-01-01 14:00:20.700,1.9692194143020108,2.421064812150301,2.6992733614172706,2,1,false_sos
2025-01-01 14:00:20.800,1.591715112543303,2.522554404028975,0.37750430175870786,2,1,false_sos
2025-01-01 14:00:20.900,1.6227467933291453,2.7310296583252045,0.031031680785842397,2,1,false_sos
2025-01-01 14:00:21.000,1.7810216008608748,2.582834088955288,0.1582748075317295,2,1,false_sos
2025-01-01 14:00:21.100,1.9469181189044624,2.195660100581573,0.16589651804358763,2,1,false_sos
2025-01-01 14:00:21.200,1.5619110092572026,2.2628521724368813,0.3850071096472598,2,1,false_sos
2025-01-01 14:00:21.300,1.729498095387317,3.020452083786986,0.1675870861301143,2,1,false_sos
2025-01-01 14:00:21.400,1.6771896676050047,2.3220585534454297,0.05230842778231226,2,1,false_sos
2025-01-01 14:00:21.500,2.0660412167145386,3.02817352620049,0.3888515491095339,2,1,false_sos
2025-01-01 14:00:21.600,1.9204606546381817,2.9162387914665198,0.14558056207635683,2,1,false_sos
2025-01-01 14:00:21.700,1.8008751583286238,2.553318845699206,0.11958549630955795,2,1,false_sos
2025-01-01 14:00:21.800,1.8090929972298386,2.8397370927524745,0.008217838901214858,2,1,false_sos
2025-01-01 14:00:21.900,1.8254778508621772,2.511571749773708,0.016384853632338547,2,1,false_sos
2025-01-01 14:00:22.000,1.5156708151682121,2.1194788533257736,0.30980703569396506,2,1,false_sos
2025-01-01 14:00:22.100,1.784753058653561,2.3821361769279683,0.2690822434853488,2,1,false_sos
2025-01-01 14:00:22.200,2.0944848560018374,2.353692294750745,0.3097317973482765,2,1,false_sos
2025-01-01 14:00:22.300,1.96533500225878,2.4399241639876728,0.12914985374305732,2,1,false_sos
2025-01-01 14:00:22.400,1.4737591951844136,2.0102906475093767,0.49157580707436654,2,1,false_sos
2025-01-01 14:00:22.500,1.6840943715766743,2.537268823065631,0.21033517639226074,2,1,false_sos
2025-01-01 14:00:22.600,1.4238041111776567,2.9026194499421676,0.2602902603990176,2,1,false_sos
2025-01-01 14:00:22.700,1.9877257729343518,2.835324314662409,0.5639216617566951,2,1,false_sos
2025-01-01 14:00:22.800,1.8347519829862189,2.7706311173941116,0.15297378994813293,2,1,false_sos
2025-01-01 14:00:22.900,1.9451633322770423,1.7804837620257712,0.11041134929082341,2,1,false_sos
2025-01-01 14:00:23.000,1.596119877280913,3.201677776660274,0.3490434549961292,2,1,false_sos
2025-01-01 14:00:23.100,1.5753147029633157,2.6937699489961204,0.02080517431759743,2,1,false_sos
2025-01-01 14:00:23.200,2.0010043349307782,2.592453734828371,0.42568963196746257,2,1,false_sos
2025-01-01 14:00:23.300,1.955307177137041,3.4540052362754947,0.045697157793737286,2,1,false_sos
2025-01-01 14:00:23.400,1.2751524682999285,1.9966054109376445,0.6801547088371125,2,1,false_sos
2025-01-01 14:00:23.500,2.316921136228959,2.9379691994661035,1.0417686679290306,2,1,false_sos
2025-01-01 14:00:23.600,1.642772743648772,3.2009454545435374,0.674148392580187,2,1,false_sos
2025-01-01 14:00:23.700,1.5567328097122244,2.176031857640162,0.08603993393654763,2,1,false_sos
2025-01-01 14:00:23.800,1.7973379477965519,2.3090217331685863,0.24060513808432749,2,1,false_sos
2025-01-01 14:00:23.900,1.7967896475854825,2.1996364335860163,0.0005483002110693302,2,1,false_sos
2025-01-01 14:00:24.000,1.5182412172773871,2.332264321539252,0.2785484303080954,2,1,false_sos
2025-01-01 14:00:24.100,2.04868571473469,2.117995526671924,0.5304444974573028,2,1,false_sos
2025-01-01 14:00:24.200,1.4917761933293392,2.7417448351818425,0.5569095214053508,2,1,false_sos
2025-01-01 14:00:24.300,1.6943574609619454,3.298970113401614,0.2025812676326062,2,1,false_sos
2025-01-01 14:00:24.400,2.3772287685580564,2.1921310730189765,0.682871307596111,2,1,false_sos
2025-01-01 14:00:24.500,1.1708355952776142,2.007558530487853,1.2063931732804423,2,1,false_sos
2025-01-01 14:00:24.600,1.8759685899107,2.1922244387511705,0.7051329946330858,2,1,false_sos
2025-01-01 14:00:24.700,2.097323402712054,1.9916533429947134,0.22135481280135427,2,1,false_sos
2025-01-01 14:00:24.800,1.617487115608741,2.522665544334145,0.4798362871033133,2,1,false_sos
2025-01-01 14:00:24.900,2.224544554311662,2.0769375402774193,0.6070574387029213,2,1,false_sos
2025-01-01 14:00:25.000,1.92430105681785,2.486078762246572,0.3002434974938122,2,1,false_sos
2025-01-01 14:00:25.100,1.8494864468131615,2.308951871013358,0.07481461000468848,2,1,false_sos
2025-01-01 14:00:25.200,1.6764644894857632,2.4928721463764965,0.17302195732739833,2,1,false_sos
2025-01-01 14:00:25.300,3.4128717603816727,3.7433477940054876,1.7364072708959095,2,1,false_sos
2025-01-01 14:00:25.400,4.2042649022830725,5.4165291148789745,0.7913931419013998,2,1,false_sos
2025-01-01 14:00:25.500,5.414215242411025,7.2691579510878555,1.2099503401279526,2,1,false_sos
2025-01-01 14:00:25.600,5.959447347092622,7.161948950546674,0.5452321046815971,2,1,false_sos
2025-01-01 14:00:25.700,7.500599065000313,9.249088433310979,1.5411517179076908,2,1,false_sos
2025-01-01 14:00:25.800,8.219519037497623,11.00292896703851,0.7189199724973099,2,1,false_sos
2025-01-01 14:00:25.900,8.66733416090104,11.142767873508461,0.44781512340341756,2,1,false_sos
2025-01-01 14:00:26.000,8.86749235636232,11.063911754604788,0.20015819546127922,2,1,false_sos
2025-01-01 14:00:26.100,8.611629127733643,10.738549681992946,0.2558632286286766,2,1,false_sos
2025-01-01 14:00:26.200,8.21348695665639,10.901283315005474,0.3981421710772537,2,1,false_sos
2025-01-01 14:00:26.300,7.826610931030009,9.027868740691451,0.3868760256263801,2,1,false_sos
2025-01-01 14:00:26.400,5.834162633738898,7.420458921866431,1.9924482972911113,2,1,false_sos
2025-01-01 14:00:26.500,5.40659096689194,6.752464627430437,0.4275716668469576,2,1,false_sos
2025-01-01 14:00:26.600,4.240540503479443,5.218276764000398,1.166050463412497,2,1,false_sos
2025-01-01 14:00:26.700,1.8306958614452682,2.0105820540009525,2.409844642034175,2,1,false_sos
2025-01-01 14:00:26.800,1.768864420640298,2.5402002120720213,0.06183144080497027,2,1,false_sos
2025-01-01 14:00:26.900,2.0655118966880774,2.3109502083818283,0.2966474760477795,2,1,false_sos
2025-01-01 14:00:27.000,2.2778739784925586,1.7600674465089854,0.21236208180448113,2,1,false_sos
2025-01-01 14:00:27.100,1.299600470732358,2.1505925093794076,0.9782735077602005,2,1,false_sos
2025-01-01 14:00:27.200,1.7576289799659386,2.9794952196714446,0.4580285092335805,2,1,false_sos
2025-01-01 14:00:27.300,1.9266927700660945,2.676840249255721,0.16906379010015593,2,1,false_sos
2025-01-01 14:00:27.400,1.822237837693182,2.0855716200465655,0.10445493237291248,2,1,false_sos
2025-01-01 14:00:27.500,2.3438467532753346,2.846923694256411,0.5216089155821526,2,1,false_sos
2025-01-01 14:00:27.600,1.5932949475216716,2.4501795014976766,0.7505518057536631,2,1,false_sos
2025-01-01 14:00:27.700,1.789809241766134,2.8430249051244285,0.19651429424446243,2,1,false_sos
2025-01-01 14:00:27.800,2.0430518720869895,2.828647225339669,0.2532426303208555,2,1,false_sos
2025-01-01 14:00:27.900,1.7150647957585072,2.7915826348763,0.32798707632848223,2,1,false_sos
2025-01-01 14:00:28.000,1.8757707022767234,2.2838685027227115,0.16070590651821615,2,1,false_sos
2025-01-01 14:00:28.100,1.86881426680312,2.4086072613497445,0.006956435473603362,2,1,false_sos
2025-01-01 14:00:28.200,1.7568766889867908,2.688794372543676,0.11193757781632918,2,1,false_sos
2025-01-01 14:00:28.300,1.577796305872755,3.4008606955209286,0.17908038311403573,2,1,false_sos
2025-01-01 14:00:28.400,2.0082464800830233,2.6487255464237727,0.4304501742102682,2,1,false_sos
2025-01-01 14:00:28.500,2.1166219926990464,2.476205537359662,0.10837551261602307,2,1,false_sos
2025-01-01 14:00:28.600,2.2055394256004233,1.5174438129717922,0.08891743290137688,2,1,false_sos
2025-01-01 14:00:28.700,1.8679581353746855,2.261131909531774,0.3375812902257378,2,1,false_sos
2025-01-01 14:00:28.800,1.321244269893497,2.972811991135345,0.5467138654811885,2,1,false_sos
2025-01-01 14:00:28.900,2.1327137496505912,2.359639837343187,0.8114694797570943,2,1,false_sos
2025-01-01 14:00:29.000,2.2162950631212293,3.330111240918966,0.08358131347063802,2,1,false_sos
2025-01-01 14:00:29.100,1.6600867610353396,2.7236792175767315,0.5562083020858897,2,1,false_sos
2025-01-01 14:00:29.200,1.9162525123087455,2.093643933927563,0.2561657512734059,2,1,false_sos
2025-01-01 14:00:29.300,1.5105068376722057,2.752237416791824,0.40574567463653977,2,1,false_sos
2025-01-01 14:00:29.400,1.2287508110065524,2.261504725790444,0.28175602666565336,2,1,false_sos
2025-01-01 14:00:29.500,1.854158749938343,2.616887912792748,0.6254079389317906,2,1,false_sos
2025-01-01 14:00:29.600,1.5836647879867662,2.448973536630532,0.2704939619515767,2,1,false_sos
2025-01-01 14:00:29.700,2.040672588474438,2.6575718384716693,0.45700780048767164,2,1,false_sos
2025-01-01 14:00:29.800,2.1071386679037465,2.8211111756429856,0.0664660794293086,2,1,false_sos
2025-01-01 14:00:29.900,1.9643782560813638,2.110271755706828,0.14276041182238264,2,1,false_sos
2025-01-01 14:00:30.000,1.7172061509511862,2.398133868559736,0.24717210513017762,2,1,false_sos
2025-01-01 14:00:30.100,2.0081956658722016,2.262902459934295,0.2909895149210153,2,1,false_sos
2025-01-01 14:00:30.200,1.4213484930329037,2.3467430771204274,0.5868471728392979,2,1,false_sos
2025-01-01 14:00:30.300,1.3117645631917338,2.365149123488873,0.10958392984116982,2,1,false_sos
2025-01-01 14:00:30.400,2.3540072208603346,1.820373385312711,1.0422426576686008,2,1,false_sos
2025-01-01 14:00:30.500,2.258803532804793,1.939086626817108,0.09520368805554158,2,1,false_sos
2025-01-01 14:00:30.600,1.5685785812948025,2.4607858719643207,0.6902249515099905,2,1,false_sos
2025-01-01 14:00:30.700,1.735783931020333,2.433890704394903,0.16720534972553036,2,1,false_sos
2025-01-01 14:00:30.800,1.953162844898306,2.946021789960287,0.21737891387797315,2,1,false_sos
2025-01-01 14:00:30.900,2.2931746994669795,2.2866207742085902,0.34001185456867344,2,1,false_sos
2025-01-01 14:00:31.000,1.4424568599429122,1.7162371055085979,0.8507178395240673,2,1,false_sos
2025-01-01 14:00:31.100,1.715246220581262,2.1000635242487706,0.2727893606383498,2,1,false_sos
2025-01-01 14:00:31.200,1.705789270952199,1.6032756693331138,0.009456949629063072,2,1,false_sos
2025-01-01 14:00:31.300,2.095195668673908,2.9198334298517605,0.38940639772170926,2,1,false_sos
2025-01-01 14:00:31.400,1.8996924685066232,2.7472950685289454,0.19550320016728495,2,1,false_sos
2025-01-01 14:00:31.500,3.0076636015253175,3.8945463551410313,1.1079711330186943,2,1,false_sos
2025-01-01 14:00:31.600,3.722661606194102,5.001678522091447,0.7149980046687845,2,1,false_sos
2025-01-01 14:00:31.700,6.236269333419263,7.447248380534501,2.513607727225161,2,1,false_sos
2025-01-01 14:00:31.800,7.715750233537184,10.181033625856703,1.4794809001179212,2,1,false_sos
2025-01-01 14:00:31.900,8.548744926042993,10.445629802986499,0.8329946925058085,2,1,false_sos
2025-01-01 14:00:32.000,8.665157682022818,12.009621160844862,0.11641275597982492,2,1,false_sos
2025-01-01 14:00:32.100,9.183377883787136,11.342791139381172,0.5182202017643185,2,1,false_sos
2025-01-01 14:00:32.200,6.7116343299222985,9.46735958746361,2.4717435538648376,2,1,false_sos
2025-01-01 14:00:32.300,5.805425093450474,7.334832141993746,0.9062092364718248,2,1,false_sos
2025-01-01 14:00:32.400,1.3549895213965955,2.625196129027087,4.450435572053879,2,1,false_sos
2025-01-01 14:00:32.500,1.852992624634374,2.145456292592292,0.4980031032377785,2,1,false_sos
2025-01-01 14:00:32.600,2.1581075356510064,2.1317216766042533,0.30511491101663246,2,1,false_sos
2025-01-01 14:00:32.700,1.6812013914357404,2.8556954165352577,0.476906144215266,2,1,false_sos
2025-01-01 14:00:32.800,1.7138882812475253,2.8168521305073595,0.032686889811784914,2,1,false_sos
2025-01-01 14:00:32.900,1.7619270917538552,2.0639403487892043,0.048038810506329854,2,1,false_sos
2025-01-01 14:00:33.000,1.6362974259710834,2.0635855368786324,0.1256296657827718,2,1,false_sos
2025-01-01 14:00:33.100,1.623356808778322,2.4285026567493433,0.012940617192761517,2,1,false_sos
2025-01-01 14:00:33.200,1.937596104234223,2.854088932967494,0.314239295455901,2,1,false_sos
2025-01-01 14:00:33.300,1.4019991585070841,2.413464448420922,0.5355969457271388,2,1,false_sos
2025-01-01 14:00:33.400,1.7627098295441619,2.878611992408522,0.36071067103707777,2,1,false_sos
2025-01-01 14:00:33.500,1.9935346561029799,2.5402652263353565,0.23082482655881797,2,1,false_sos
2025-01-01 14:00:33.600,1.5333612664869594,2.4798396716870483,0.4601733896160205,2,1,false_sos
2025-01-01 14:00:33.700,1.4701763549468045,1.940076962346231,0.06318491154015482,2,1,false_sos
2025-01-01 14:00:33.800,1.9779556626255201,2.269303404056086,0.5077793076787156,2,1,false_sos
2025-01-01 14:00:33.900,1.5371332363972428,2.843769333109428,0.4408224262282774,2,1,false_sos
2025-01-01 14:00:34.000,1.8095524211633436,3.6276130195855476,0.27241918476610083,2,1,false_sos
2025-01-01 14:00:34.100,2.340471667569336,2.9023748550395316,0.5309192464059922,2,1,false_sos
2025-01-01 14:00:34.200,1.7808520397114709,2.2936423192608864,0.5596196278578649,2,1,false_sos
2025-01-01 14:00:34.300,2.500981157898745,2.4482641022858256,0.7201291181872742,2,1,false_sos
2025-01-01 14:00:34.400,1.201295959244407,2.49374616426381,1.299685198654338,2,1,false_sos
2025-01-01 14:00:34.500,1.8548994402891996,2.698943955731054,0.6536034810447926,2,1,false_sos
2025-01-01 14:00:34.600,1.2383399798252404,3.376614413533094,0.6165594604639593,2,1,false_sos
2025-01-01 14:00:34.700,1.890830954710424,2.781455958013878,0.6524909748851837,2,1,false_sos
2025-01-01 14:00:34.800,2.069399618037691,2.6958116338222156,0.17856866332726695,2,1,false_sos
2025-01-01 14:00:34.900,2.147510294292031,2.653261848207072,0.0781106762543402,2,1,false_sos
2025-01-01 14:00:35.000,2.3317116312487007,2.3563574998131234,0.18420133695666951,2,1,false_sos
2025-01-01 14:00:35.100,1.569344253602135,2.244396258152025,0.7623673776465658,2,1,false_sos
2025-01-01 14:00:35.200,2.0636742526721807,2.8759587988785746,0.4943299990700458,2,1,false_sos
2025-01-01 14:00:35.300,1.6045627100186381,2.204332448389826,0.4591115426535426,2,1,false_sos
2025-01-01 14:00:35.400,1.7738380778912732,2.6098655950139795,0.16927536787263509,2,1,false_sos
2025-01-01 14:00:35.500,1.741282886280431,3.156814656172123,0.032555191610842193,2,1,false_sos
2025-01-01 14:00:35.600,1.664221291015946,2.5156261114629332,0.07706159526448508,2,1,false_sos
2025-01-01 14:00:35.700,1.6440077809245264,2.558162366923774,0.020213510091419584,2,1,false_sos
2025-01-01 14:00:35.800,1.9243329833355454,2.4816482401634845,0.280325202411019,2,1,false_sos
2025-01-01 14:00:35.900,1.8240028800581254,2.0694397322319986,0.10033010327741998,2,1,false_sos
2025-01-01 14:00:36.000,2.050549007400802,2.4073705429299626,0.22654612734267654,2,1,false_sos
2025-01-01 14:00:36.100,1.7578307951789898,2.382812966605275,0.29271821222181216,2,1,false_sos
2025-01-01 14:00:36.200,2.083805432128232,2.954187626914386,0.32597463694924245,2,1,false_sos
2025-01-01 14:00:36.300,1.970911208828345,2.2642962769907875,0.1128942232998873,2,1,false_sos
2025-01-01 14:00:36.400,2.023858175605682,2.2891377534978257,0.052946966777337234,2,1,false_sos
2025-01-01 14:00:36.500,1.7557768683361894,2.1046222421437313,0.26808130726949275,2,1,false_sos
2025-01-01 14:00:36.600,1.6478486743956884,3.006691268581177,0.10792819394050102,2,1,false_sos
2025-01-01 14:00:36.700,1.7999141675626746,2.316544118296977,0.15206549316698625,2,1,false_sos
2025-01-01 14:00:36.800,2.1876671701593957,2.470218775834067,0.3877530025967211,2,1,false_sos
2025-01-01 14:00:36.900,1.949632785985321,1.9511769475563443,0.23803438417407463,2,1,false_sos
2025-01-01 14:00:37.000,1.339611931577999,1.8178669460405938,0.610020854407322,2,1,false_sos
2025-01-01 14:00:37.100,1.831493757956739,1.7712417579406323,0.4918818263787399,2,1,false_sos
2025-01-01 14:00:37.200,1.9618527220462032,3.016622871935945,0.13035896408946424,2,1,false_sos
2025-01-01 14:00:37.300,1.8411956821948965,2.4136015240035475,0.12065703985130671,2,1,false_sos
2025-01-01 14:00:37.400,3.443208586744676,3.591149672477957,1.6020129045497793,2,1,false_sos
2025-01-01 14:00:37.500,3.7289512725739447,3.891623670984235,0.28574268582926887,2,1,false_sos
2025-01-01 14:00:37.600,5.436827230395593,5.720788019341945,1.7078759578216487,2,1,false_sos
2025-01-01 14:00:37.700,6.309269874196029,8.116450520261457,0.8724426438004356,2,1,false_sos
2025-01-01 14:00:37.800,7.198600285589462,8.041186443883358,0.8893304113934333,2,1,false_sos
2025-01-01 14:00:37.900,7.851066932695446,10.02826577344561,0.6524666471059835,2,1,false_sos
2025-01-01 14:00:38.000,8.319814400536176,9.63993915644072,0.4687474678407302,2,1,false_sos
2025-01-01 14:00:38.100,8.342403944031506,9.141020177237564,0.02258954349533049,2,1,false_sos
2025-01-01 14:00:38.200,7.712243052684126,8.659734336731363,0.63016089134738,2,1,false_sos
2025-01-01 14:00:38.300,6.800440183591667,8.119383209052794,0.9118028690924591,2,1,false_sos
2025-01-01 14:00:38.400,5.4444366718234045,6.414805628362587,1.3560035117682627,2,1,false_sos
2025-01-01 14:00:38.500,4.421674954292036,4.520611397623977,1.0227617175313686,2,1,false_sos
2025-01-01 14:00:38.600,1.9815232767297308,2.2148033438762855,2.440151677562305,2,1,false_sos
2025-01-01 14:00:38.700,2.2458827989799865,2.6133930652291055,0.2643595222502557,2,1,false_sos
2025-01-01 14:00:38.800,2.0270392135529516,2.4102037576611783,0.21884358542703497,2,1,false_sos
2025-01-01 14:00:38.900,2.244954261875141,2.947281667875771,0.21791504832218944,2,1,false_sos
2025-01-01 14:00:39.000,1.7622757194131136,2.8867913383464066,0.48267854246202746,2,1,false_sos
2025-01-01 14:00:39.100,1.905654456363466,2.433019816061788,0.14337873695035253,2,1,false_sos
2025-01-01 14:00:39.200,1.5224160253619874,2.503391462783274,0.3832384310014787,2,1,false_sos
2025-01-01 14:00:39.300,1.370157226371682,3.0680132532227384,0.15225879899030548,2,1,false_sos
2025-01-01 14:00:39.400,1.6017644877887933,3.320958829045267,0.2316072614171114,2,1,false_sos
2025-01-01 14:00:39.500,1.3111419691816235,1.7441166123361431,0.2906225186071698,2,1,false_sos
2025-01-01 14:00:39.600,1.2668664954461883,2.9666783814643334,0.04427547373543517,2,1,false_sos
2025-01-01 14:00:39.700,1.4331819209679466,2.9150710922501664,0.16631542552175826,2,1,false_sos
2025-01-01 14:00:39.800,1.760007354807457,2.238533390003278,0.32682543383951046,2,1,false_sos
2025-01-01 14:00:39.900,1.8221821123340332,2.756627649606143,0.062174757526576085,2,1,false_sos
2025-01-01 14:00:40.000,2.1279710804020286,3.074934260042771,0.3057889680679955,2,1,false_sos
2025-01-01 14:00:40.100,1.6119594947235767,2.9655678755292065,0.516011585678452,2,1,false_sos
2025-01-01 14:00:40.200,1.9145861165318758,2.744403901630297,0.30262662180829913,2,1,false_sos
2025-01-01 14:00:40.300,2.2379157740388838,2.575876097644609,0.32332965750700793,2,1,false_sos
2025-01-01 14:00:40.400,2.02882094315579,3.0888193661204957,0.20909483088309377,2,1,false_sos
2025-01-01 14:00:40.500,1.334727203376797,2.2363980343575274,0.694093739778993,2,1,false_sos
2025-01-01 14:00:40.600,1.4193380319792466,1.666859675878606,0.08461082860244962,2,1,false_sos
2025-01-01 14:00:40.700,1.7647631382303044,3.0053266721551726,0.3454251062510578,2,1,false_sos
2025-01-01 14:00:40.800,1.9510608492468127,2.345098176577422,0.18629771101650827,2,1,false_sos
2025-01-01 14:00:40.900,2.200540922591792,2.999688903877,0.24948007334497935,2,1,false_sos
2025-01-01 14:00:41.000,2.3676108128776905,3.2819696186387244,0.16706989028589847,2,1,false_sos
2025-01-01 14:00:41.100,1.8833610984181846,2.3884084281992206,0.48424971445950593,2,1,false_sos
2025-01-01 14:00:41.200,1.7877986717210084,2.9008340108146076,0.09556242669717618,2,1,false_sos
2025-01-01 14:00:41.300,1.1451563888751966,2.366543444555504,0.6426422828458118,2,1,false_sos
2025-01-01 14:00:41.400,2.0676483391298097,2.328371548469402,0.9224919502546132,2,1,false_sos
2025-01-01 14:00:41.500,1.6473761708459433,2.463582041882635,0.4202721682838664,2,1,false_sos
2025-01-01 14:00:41.600,1.6387966906829723,1.9674353958832729,0.008579480162971054,2,1,false_sos
2025-01-01 14:00:41.700,1.7277181693363117,2.6178813070856646,0.08892147865333944,2,1,false_sos
2025-01-01 14:00:41.800,2.2134032493381173,3.2001611666521415,0.48568508000180555,2,1,false_sos
2025-01-01 14:00:41.900,1.8660498480323349,2.3176945605886674,0.3473534013057824,2,1,false_sos
2025-01-01 14:00:42.000,1.2162485085883485,3.0588207626192516,0.6498013394439863,2,1,false_sos
2025-01-01 14:00:42.100,1.8133852629852873,2.7132391347625653,0.5971367543969388,2,1,false_sos
2025-01-01 14:00:42.200,2.0264632697947382,2.662333167828608,0.21307800680945088,2,1,false_sos
2025-01-01 14:00:42.300,1.789796223679803,2.5277867680538653,0.23666704611493516,2,1,false_sos
2025-01-01 14:00:42.400,2.07071970117899,1.8962789769651343,0.2809234774991869,2,1,false_sos
2025-01-01 14:00:42.500,1.8882135146402401,2.6555864021265068,0.18250618653874984,2,1,false_sos
2025-01-01 14:00:42.600,2.4647668350639216,2.3231630879460234,0.5765533204236815,2,1,false_sos
2025-01-01 14:00:42.700,1.6122309292480799,2.5201927391385373,0.8525359058158417,2,1,false_sos
2025-01-01 14:00:42.800,2.0179865889530166,2.034950820921924,0.40575565970493677,2,1,false_sos
2025-01-01 14:00:42.900,2.0733041249156976,2.743101380170719,0.055317535962680964,2,1,false_sos
2025-01-01 14:00:43.000,1.302935215485722,1.8237670804555564,0.7703689094299755,2,1,false_sos
2025-01-01 14:00:43.100,2.174961766099449,2.5312197923773874,0.8720265506137268,2,1,false_sos
2025-01-01 14:00:43.200,2.3194355411062224,2.4093669454648388,0.1444737750067735,2,1,false_sos
2025-01-01 14:00:43.300,2.816984025841306,2.1828976347019275,0.49754848473508373,2,1,false_sos
2025-01-01 14:00:43.400,3.332904120300773,5.099377027388121,0.5159200944594668,2,1,false_sos
2025-01-01 14:00:43.500,4.115789386128649,5.484610173034836,0.7828852658278764,2,1,false_sos
2025-01-01 14:00:43.600,4.8282939130808025,5.968177260681869,0.712504526952153,2,1,false_sos
2025-01-01 14:00:43.700,5.865758629504468,9.076891662427448,1.0374647164236652,2,1,false_sos
2025-01-01 14:00:43.800,6.815603362863312,9.63531837255081,0.9498447333588445,2,1,false_sos
2025-01-01 14:00:43.900,7.379191009565041,11.102367916490875,0.5635876467017287,2,1,false_sos
2025-01-01 14:00:44.000,7.259223602180561,11.265064132215867,0.11996740738447986,2,1,false_sos
2025-01-01 14:00:44.100,6.924862523997832,9.789238541774859,0.3343610781827291,2,1,false_sos
2025-01-01 14:00:44.200,6.456260834850815,9.38151097649964,0.4686016891470173,2,1,false_sos
2025-01-01 14:00:44.300,5.905720444062419,8.08237852348966,0.5505403907883952,2,1,false_sos
2025-01-01 14:00:44.400,5.371813560616184,6.973220109195494,0.5339068834462353,2,1,false_sos
2025-01-01 14:00:44.500,4.139345403751032,6.488217098718823,1.2324681568651519,2,1,false_sos
2025-01-01 14:00:44.600,1.2477425328181448,2.348601137706484,2.8916028709328874,2,1,false_sos
2025-01-01 14:00:44.700,1.5700599721945898,2.758480840252699,0.32231743937644497,2,1,false_sos
2025-01-01 14:00:44.800,1.7246037905765688,1.7773709907909119,0.15454381838197895,2,1,false_sos
2025-01-01 14:00:44.900,1.3006543501056975,2.4189451939230184,0.42394944047087124,2,1,false_sos
2025-01-01 14:00:45.000,2.287365929353962,2.550575876749374,0.9867115792482646,2,1,false_sos
2025-01-01 14:00:45.100,2.1250375104840473,1.644452079022324,0.16232841886991478,2,1,false_sos
2025-01-01 14:00:45.200,1.8771937810549386,2.5669209407763653,0.2478437294291087,2,1,false_sos
2025-01-01 14:00:45.300,2.0025223344153713,2.4455635685664108,0.1253285533604327,2,1,false_sos
2025-01-01 14:00:45.400,1.0417041390387598,2.2784090057444595,0.9608181953766115,2,1,false_sos
2025-01-01 14:00:45.500,1.7236099193668564,2.812728877603364,0.6819057803280966,2,1,false_sos
2025-01-01 14:00:45.600,1.8047472760029273,2.694631886820961,0.08113735663607091,2,1,false_sos
2025-01-01 14:00:45.700,1.6228002414167313,2.723566801360643,0.181947034586196,2,1,false_sos
2025-01-01 14:00:45.800,1.864827140392983,2.610479944644768,0.24202689897625174,2,1,false_sos
2025-01-01 14:00:45.900,1.716019791290965,2.559290157533142,0.1488073491020181,2,1,false_sos
2025-01-01 14:00:46.000,1.9231891014818818,2.6084569141562475,0.2071693101909169,2,1,false_sos
2025-01-01 14:00:46.100,0.8443770216914245,2.4019119735248324,1.0788120797904575,2,1,false_sos
2025-01-01 14:00:46.200,2.0526812102083296,2.7810896126840747,1.2083041885169052,2,1,false_sos
2025-01-01 14:00:46.300,1.585539905636814,2.6983825642756365,0.4671413045715156,2,1,false_sos
2025-01-01 14:00:46.400,1.6448100304755147,2.6918071008430817,0.059270124838700644,2,1,false_sos
2025-01-01 14:00:46.500,1.573992344191313,2.588875683751035,0.0708176862842016,2,1,false_sos
2025-01-01 14:00:46.600,1.4978185031756797,2.486735892084468,0.0761738410156334,2,1,false_sos
2025-01-01 14:00:46.700,1.8469101236431176,2.588695124918098,0.3490916204674379,2,1,false_sos
2025-01-01 14:00:46.800,1.9093179851784678,3.1688128855239603,0.06240786153535027,2,1,false_sos
2025-01-01 14:00:46.900,1.685510725535466,2.7330160285318565,0.22380725964300185,2,1,false_sos
2025-01-01 14:00:47.000,1.7045971783812943,2.8014559182446606,0.019086452845828328,2,1,false_sos
2025-01-01 14:00:47.100,1.9460380637763321,2.1829454312050585,0.24144088539503783,2,1,false_sos
2025-01-01 14:00:47.200,1.9988001799945834,2.6298224159392687,0.05276211621825122,2,1,false_sos
2025-01-01 14:00:47.300,1.7389988439556527,2.41802958807884,0.25980133603893063,2,1,false_sos
2025-01-01 14:00:47.400,2.18064209460678,2.539358889697826,0.4416432506511272,2,1,false_sos
2025-01-01 14:00:47.500,1.7718492155628602,2.7866483698308033,0.4087928790439197,2,1,false_sos
2025-01-01 14:00:47.600,1.9104325053493116,2.7437441905179307,0.1385832897864514,2,1,false_sos
2025-01-01 14:00:47.700,2.0389838253220325,1.9406600207001878,0.12855131997272085,2,1,false_sos
2025-01-01 14:00:47.800,1.8685804130651475,2.9631623688632382,0.17040341225688493,2,1,false_sos
2025-01-01 14:00:47.900,1.9496384759521683,2.8818779087032262,0.08105806288702078,2,1,false_sos
2025-01-01 14:00:48.000,2.0297532464042245,3.1682791666493983,0.08011477045205617,2,1,false_sos
2025-01-01 14:00:48.100,1.831979173730224,2.513192587719677,0.1977740726740005,2,1,false_sos
2025-01-01 14:00:48.200,0.9086987181210969,2.881930668833631,0.9232804556091271,2,1,false_sos
2025-01-01 14:00:48.300,2.243912425182252,2.4610588902890167,1.335213707061155,2,1,false_sos
2025-01-01 14:00:48.400,1.7430470836913954,2.92348363305798,0.5008653414908566,2,1,false_sos
2025-01-01 14:00:48.500,1.4339246783742197,2.2896610676141598,0.3091224053171757,2,1,false_sos
2025-01-01 14:00:48.600,1.4022412561018682,3.2399430310295996,0.031683422272351436,2,1,false_sos
2025-01-01 14:00:48.700,1.9761022847652114,2.108717752234856,0.5738610286633432,2,1,false_sos
2025-01-01 14:00:48.800,2.046891316457225,2.5586129079798874,0.07078903169201345,2,1,false_sos
2025-01-01 14:00:48.900,1.9253005375456034,3.371565741559783,0.12159077891162151,2,1,false_sos
2025-01-01 14:00:49.000,1.6340849033779077,3.373941675051497,0.2912156341676957,2,1,false_sos
2025-01-01 14:00:49.100,1.4088057524294342,2.3870230778022514,0.2252791509484735,2,1,false_sos
2025-01-01 14:00:49.200,1.8268394918187931,2.223470674940104,0.41803373938935895,2,1,false_sos
2025-01-01 14:00:49.300,3.614984131790064,3.1613061213775047,1.7881446399712708,2,1,false_sos
2025-01-01 14:00:49.400,4.610374413933463,4.299236195153919,0.9953902821433989,2,1,false_sos
2025-01-01 14:00:49.500,5.21368462991838,5.2341608652659115,0.6033102159849175,2,1,false_sos
2025-01-01 14:00:49.600,7.096958632803346,6.8115037530052085,1.8832740028849653,2,1,false_sos
2025-01-01 14:00:49.700,7.669279159789365,7.71177390173515,0.5723205269860197,2,1,false_sos
2025-01-01 14:00:49.800,8.716583540249065,8.404219455136285,1.0473043804596998,2,1,false_sos
2025-01-01 14:00:49.900,8.940666563645536,10.10122702994795,0.2240830233964708,2,1,false_sos
2025-01-01 14:00:50.000,9.46142898885109,9.450494455680722,0.5207624252055538,2,1,false_sos
2025-01-01 14:00:50.100,8.897175635022359,10.277581659643003,0.5642533538287307,2,1,false_sos
2025-01-01 14:00:50.200,8.85691227556557,9.305242636159269,0.04026335945678916,2,1,false_sos
2025-01-01 14:00:50.300,7.592168289615179,6.330309035352846,1.2647439859503908,2,1,false_sos
2025-01-01 14:00:50.400,6.466752549288719,7.0338685798221245,1.12541574032646,2,1,false_sos
2025-01-01 14:00:50.500,6.146459512070378,4.719983960217358,0.3202930372183408,2,1,false_sos
2025-01-01 14:00:50.600,4.679179157776975,4.53059094137319,1.4672803542934032,2,1,false_sos
2025-01-01 14:00:50.700,1.639461922106887,2.9588451637118247,3.0397172356700883,2,1,false_sos
2025-01-01 14:00:50.800,1.688189127992687,2.6936787847354466,0.04872720588580015,2,1,false_sos
2025-01-01 14:00:50.900,1.7839955667251195,2.6832788450110594,0.09580643873243244,2,1,false_sos
2025-01-01 14:00:51.000,1.8491263400427775,2.205651398499949,0.06513077331765804,2,1,false_sos
2025-01-01 14:00:51.100,1.9025078805732167,2.8198279026004034,0.0533815405304392,2,1,false_sos
2025-01-01 14:00:51.200,1.8991185845237613,3.1441731634419914,0.0033892960494554814,2,1,false_sos
2025-01-01 14:00:51.300,2.1817304065928504,1.8787549321177504,0.2826118220690892,2,1,false_sos
2025-01-01 14:00:51.400,1.4021200150696078,1.4177609556941557,0.7796103915232426,2,1,false_sos
2025-01-01 14:00:51.500,1.4233373541803553,2.549284217819091,0.021217339110747524,2,1,false_sos
2025-01-01 14:00:51.600,1.3985067544012604,1.8116937855394535,0.024830599779094964,2,1,false_sos
2025-01-01 14:00:51.700,1.5169044349476979,2.8861443633898958,0.11839768054643751,2,1,false_sos
2025-01-01 14:00:51.800,1.5819244682558544,2.4252291077589514,0.06502003330815653,2,1,false_sos
2025-01-01 14:00:51.900,2.066809780848126,2.1562684161132397,0.4848853125922714,2,1,false_sos
2025-01-01 14:00:52.000,1.5134355504859534,2.0751248518330003,0.5533742303621725,2,1,false_sos
2025-01-01 14:00:52.100,2.11206263092741,2.8041307356490406,0.5986270804414568,2,1,false_sos
2025-01-01 14:00:52.200,1.9519416106915506,2.3105434946443926,0.1601210202358596,2,1,false_sos
2025-01-01 14:00:52.300,1.9859711548434171,2.6027808695534635,0.03402954415186654,2,1,false_sos
2025-01-01 14:00:52.400,1.5534202546985545,3.6129462719500163,0.43255090014486264,2,1,false_sos
2025-01-01 14:00:52.500,1.9079067598609192,2.6580665497110796,0.3544865051623647,2,1,false_sos
2025-01-01 14:00:52.600,2.0767160293711546,2.748735948290925,0.16880926951023545,2,1,false_sos
2025-01-01 14:00:52.700,2.1911503506442047,2.330816904572053,0.11443432127305009,2,1,false_sos
2025-01-01 14:00:52.800,1.9953193614212477,2.0183744888962822,0.19583098922295705,2,1,false_sos
2025-01-01 14:00:52.900,1.8531303885951744,3.3071191894822944,0.14218897282607323,2,1,false_sos
2025-01-01 14:00:53.000,2.0696488172189818,3.3399841074942844,0.21651842862380732,2,1,false_sos
2025-01-01 14:00:53.100,1.6509255034392036,2.207918198274941,0.4187233137797781,2,1,false_sos
2025-01-01 14:00:53.200,1.9258930486973884,1.9454888662211745,0.2749675452581848,2,1,false_sos
2025-01-01 14:00:53.300,1.921505712659263,2.8211854818750095,0.004387336038125467,2,1,false_sos
2025-01-01 14:00:53.400,1.7614977904349558,2.652793396684668,0.16000792222430715,2,1,false_sos
2025-01-01 14:00:53.500,1.6081674154751435,2.654997086547982,0.15333037495981228,2,1,false_sos
2025-01-01 14:00:53.600,1.861303883230303,2.7251392117126807,0.2531364677551595,2,1,false_sos
2025-01-01 14:00:53.700,1.4148851954530361,1.8085211581409961,0.4464186877772669,2,1,false_sos
2025-01-01 14:00:53.800,1.3644682199761524,2.4211926672164332,0.05041697547688373,2,1,false_sos
2025-01-01 14:00:53.900,1.766127349282546,2.8938100149668955,0.4016591293063936,2,1,false_sos
2025-01-01 14:00:54.000,1.741783573847533,2.340771522497748,0.024343775435013093,2,1,false_sos
2025-01-01 14:00:54.100,2.3766343393925533,2.0483615202941112,0.6348507655450204,2,1,false_sos
2025-01-01 14:00:54.200,1.686993559733204,2.6216589280576503,0.6896407796593493,2,1,false_sos
2025-01-01 14:00:54.300,1.9805751229900757,2.841343812468854,0.2935815632568717,2,1,false_sos
2025-01-01 14:00:54.400,1.9378590449343396,2.4444221249583364,0.04271607805573607,2,1,false_sos
2025-01-01 14:00:54.500,1.598753428550996,3.123156842867862,0.3391056163833437,2,1,false_sos
2025-01-01 14:00:54.600,1.763807836035101,2.9285149896291163,0.16505440748410516,2,1,false_sos
2025-01-01 14:00:54.700,1.45301316977167,2.211619043380269,0.3107946662634311,2,1,false_sos
2025-01-01 14:00:54.800,1.781409432311273,3.4024965802512463,0.3283962625396031,2,1,false_sos
2025-01-01 14:00:54.900,2.2281693300448753,2.931015465881523,0.44675989773360225,2,1,false_sos
2025-01-01 14:00:55.000,1.2692597354117834,2.9500482494808846,0.9589095946330919,2,1,false_sos
2025-01-01 14:00:55.100,1.8193435601121108,2.658805468379026,0.5500838247003275,2,1,false_sos
2025-01-01 14:00:55.200,2.0687902915737912,2.1211085392401388,0.2494467314616804,2,1,false_sos
2025-01-01 14:00:55.300,3.0587772112295277,3.6293222023035008,0.9899869196557365,2,1,false_sos
2025-01-01 14:00:55.400,4.160865460102357,3.720895517821299,1.1020882488728296,2,1,false_sos
2025-01-01 14:00:55.500,5.189469520591088,5.182391506039442,1.028604060488731,2,1,false_sos
2025-01-01 14:00:55.600,4.9407655448155365,7.167514072802357,0.2487039757755518,2,1,false_sos
2025-01-01 14:00:55.700,6.4612353203882495,8.591899002154662,1.520469775572713,2,1,false_sos
2025-01-01 14:00:55.800,7.223919713547295,9.560923676313688,0.762684393159045,2,1,false_sos
2025-01-01 14:00:55.900,7.121724032140722,9.42171597687921,0.10219568140657298,2,1,false_sos
2025-01-01 14:00:56.000,7.348791616996356,9.990335205763305,0.22706758485563405,2,1,false_sos
2025-01-01 14:00:56.100,7.208694630961673,10.306483218541505,0.140096986034683,2,1,false_sos
2025-01-01 14:00:56.200,7.109455279799765,9.328895911011669,0.09923935116190741,2,1,false_sos
2025-01-01 14:00:56.300,6.178122090282544,7.808298612139541,0.931333189517221,2,1,false_sos
2025-01-01 14:00:56.400,5.412791057996098,6.9049044683355465,0.7653310322864462,2,1,false_sos
2025-01-01 14:00:56.500,3.982084930917712,5.131696051833468,1.4307061270783858,2,1,false_sos
2025-01-01 14:00:56.600,4.049360209724649,4.5500639902886375,0.06727527880693707,2,1,false_sos
2025-01-01 14:00:56.700,1.8234357424619856,2.357958205208769,2.2259244672626637,2,1,false_sos
2025-01-01 14:00:56.800,1.4825484946266807,2.4175527269444324,0.3408872478353049,2,1,false_sos
2025-01-01 14:00:56.900,1.8641219960333475,1.9761849233557265,0.3815735014066668,2,1,false_sos
2025-01-01 14:00:57.000,1.6274912175883478,2.8590675792346483,0.2366307784449997,2,1,false_sos
2025-01-01 14:00:57.100,1.726308322756466,2.742638899383236,0.09881710516811815,2,1,false_sos
2025-01-01 14:00:57.200,1.9704620150134953,2.5798839156967945,0.24415369225702932,2,1,false_sos
2025-01-01 14:00:57.300,1.8953700920995353,2.6184448961281115,0.07509192291395994,2,1,false_sos
2025-01-01 14:00:57.400,1.7822570154110795,2.8464289247360615,0.11311307668845583,2,1,false_sos
2025-01-01 14:00:57.500,1.8541798599644597,2.0594111833109583,0.07192284455338016,2,1,false_sos
2025-01-01 14:00:57.600,1.643134310098642,1.8130815823129547,0.2110455498658177,2,1,false_sos
2025-01-01 14:00:57.700,1.7479902572355166,2.161093314714871,0.10485594713687463,2,1,false_sos
2025-01-01 14:00:57.800,1.9128918759773612,1.8425090204594263,0.1649016187418446,2,1,false_sos
2025-01-01 14:00:57.900,2.130259817582144,2.3213225217240594,0.21736794160478268,2,1,false_sos
2025-01-01 14:00:58.000,1.229535166202591,3.1081797309417016,0.9007246513795528,2,1,false_sos
2025-01-01 14:00:58.100,1.7273201839150576,2.176335358745947,0.4977850177124665,2,1,false_sos
2025-01-01 14:00:58.200,1.778264371928207,1.591261931562435,0.05094418801314937,2,1,false_sos
2025-01-01 14:00:58.300,1.6500408105740576,2.18502558640672,0.12822356135414936,2,1,false_sos
2025-01-01 14:00:58.400,1.6101518962171428,3.0436372038978527,0.03988891435691477,2,1,false_sos
2025-01-01 14:00:58.500,2.2467244469802417,3.478583097376403,0.6365725507630988,2,1,false_sos
2025-01-01 14:00:58.600,1.6723860426501733,2.4094278618438647,0.5743384043300683,2,1,false_sos
2025-01-01 14:00:58.700,1.6111882275991556,2.5605408188626764,0.061197815051017734,2,1,false_sos
2025-01-01 14:00:58.800,1.9602870310985574,2.206920294496479,0.3490988034994018,2,1,false_sos
2025-01-01 14:00:58.900,2.448373232561017,2.480750584332702,0.4880862014624594,2,1,false_sos
2025-01-01 14:00:59.000,1.9074308241633846,1.9595223754382314,0.5409424083976322,2,1,false_sos
2025-01-01 14:00:59.100,1.933661140706506,2.680847440220445,0.026230316543121468,2,1,false_sos
2025-01-01 14:00:59.200,1.5750865556632596,3.083465251835874,0.35857458504324646,2,1,false_sos
2025-01-01 14:00:59.300,1.7680986084705708,1.8909617195007624,0.19301205280731115,2,1,false_sos
2025-01-01 14:00:59.400,1.383942820405545,2.5399031377347394,0.3841557880650257,2,1,false_sos
2025-01-01 14:00:59.500,1.8808404670589618,2.4898880707602125,0.49689764665341674,2,1,false_sos
2025-01-01 14:00:59.600,2.1321832805740106,2.865023848763771,0.25134281351504884,2,1,false_sos
2025-01-01 14:00:59.700,2.261160584807963,2.1664491461767073,0.12897730423395215,2,1,false_sos
2025-01-01 14:00:59.800,1.662047706364808,3.365728982913337,0.5991128784431548,2,1,false_sos
2025-01-01 14:00:59.900,1.8539324666854733,2.1767188738101146,0.19188476032066526,2,1,false_sos
2025-01-01 14:01:00.000,1.1087566425013256,0.271556701256672,0.7451758241841477,0,0,false_sos
2025-01-01 14:01:00.100,0.9507573389533456,0.347858798683376,0.15799930354797997,0,0,false_sos
2025-01-01 14:01:00.200,1.1035245037369683,0.32872320396891475,0.15276716478362273,0,0,false_sos
2025-01-01 14:01:00.300,0.8108243135473681,0.22333043475625647,0.29270019018960025,0,0,false_sos
2025-01-01 14:01:00.400,1.0737148383804445,0.24226635271233032,0.2628905248330764,0,0,false_sos
2025-01-01 14:01:00.500,0.9765695832230452,0.33057950229740474,0.09714525515739925,0,0,false_sos
2025-01-01 14:01:00.600,1.0240674173123165,0.2988745711477637,0.04749783408927133,0,0,false_sos
2025-01-01 14:01:00.700,1.015796478659872,0.22649002848163796,0.008270938652444437,0,0,false_sos
2025-01-01 14:01:00.800,1.083108300291987,0.24955560454590212,0.06731182163211491,0,0,false_sos
2025-01-01 14:01:00.900,0.9345796318832615,0.2705139017495375,0.14852866840872547,0,0,false_sos
2025-01-01 14:01:01.000,0.9868140621293066,0.33785923994607386,0.052234430246045016,0,0,false_sos
2025-01-01 14:01:01.100,0.9761754559448593,0.3403320383483007,0.01063860618444723,0,0,false_sos
2025-01-01 14:01:01.200,1.0405085399050549,0.3341650334095045,0.06433308396019555,0,0,false_sos
2025-01-01 14:01:01.300,1.0013169985269683,0.3038578684128181,0.03919154137808656,0,0,false_sos
2025-01-01 14:01:01.400,1.0244485472036646,0.3063519069379126,0.023131548676696312,0,0,false_sos
2025-01-01 14:01:01.500,1.031831075964693,0.29503358349759706,0.007382528761028295,0,0,false_sos
2025-01-01 14:01:01.600,0.8680264707986896,0.39195286394226714,0.16380460516600337,0,0,false_sos
2025-01-01 14:01:01.700,0.9840351769245106,0.23717463832344785,0.11600870612582104,0,0,false_sos
2025-01-01 14:01:01.800,1.0108757410586502,0.3418311622636911,0.0268405641341396,0,0,false_sos
2025-01-01 14:01:01.900,1.0198128630929209,0.351524135235995,0.008937122034270661,0,0,false_sos
2025-01-01 14:01:02.000,1.200268323755803,0.32119714795690185,0.1804554606628821,0,0,false_sos
2025-01-01 14:01:02.100,1.0670458453355,0.19283240214799613,0.13322247842030288,0,0,false_sos
2025-01-01 14:01:02.200,1.1069058787388344,0.30175854642470235,0.03986003340333433,0,0,false_sos
2025-01-01 14:01:02.300,0.9684451119724038,0.30055594336806907,0.1384607667664306,0,0,false_sos
2025-01-01 14:01:02.400,1.0689377765499781,0.26143397918539213,0.10049266457757433,0,0,false_sos
2025-01-01 14:01:02.500,1.1479821108692918,0.2722194122440599,0.07904433431931368,0,0,false_sos
2025-01-01 14:01:02.600,0.968557096575575,0.28439448043550297,0.17942501429371682,0,0,false_sos
2025-01-01 14:01:02.700,0.9543306978690281,0.32780346127959475,0.01422639870654685,0,0,false_sos
2025-01-01 14:01:02.800,0.8837386749984044,0.2681246237126689,0.07059202287062372,0,0,false_sos
2025-01-01 14:01:02.900,0.9000338780057485,0.3214241809651352,0.016295203007344106,0,0,false_sos
2025-01-01 14:01:03.000,1.1378709081610445,0.2470115924806574,0.237837030155296,0,0,false_sos
2025-01-01 14:01:03.100,0.8858780857548089,0.3993819138212868,0.25199282240623566,0,0,false_sos
2025-01-01 14:01:03.200,0.9959194137298999,0.22451288078442833,0.11004132797509103,0,0,false_sos
2025-01-01 14:01:03.300,1.065877405699784,0.2939849861868169,0.06995799196988406,0,0,false_sos
2025-01-01 14:01:03.400,1.0181352617326451,0.24385709495374538,0.04774214396713883,0,0,false_sos
2025-01-01 14:01:03.500,1.0249505609598644,0.24493256589992768,0.00681529922721924,0,0,false_sos
2025-01-01 14:01:03.600,0.9974406193756659,0.31666596386119894,0.027509941584198505,0,0,false_sos
2025-01-01 14:01:03.700,1.0842176587732362,0.362031747002951,0.08677703939757031,0,0,false_sos
2025-01-01 14:01:03.800,0.8909374872616587,0.26084066320588073,0.1932801715115775,0,0,false_sos
2025-01-01 14:01:03.900,0.9742635411762987,0.31756527163479764,0.08332605391463999,0,0,false_sos
2025-01-01 14:01:04.000,0.9992499929457949,0.27265818966713773,0.02498645176949621,0,0,false_sos
2025-01-01 14:01:04.100,0.8532843202953961,0.33786032624758,0.14596567265039873,0,0,false_sos
2025-01-01 14:01:04.200,0.9451953790469126,0.16940166706357496,0.0919110587515165,0,0,false_sos
2025-01-01 14:01:04.300,0.9879204344463454,0.325269592795228,0.04272505539943272,0,0,false_sos
2025-01-01 14:01:04.400,1.1238560163208224,0.2795508802700325,0.13593558187447707,0,0,false_sos
2025-01-01 14:01:04.500,0.9526147769664297,0.28648384736588206,0.17124123935439273,0,0,false_sos
2025-01-01 14:01:04.600,1.0970589146201883,0.2786052737578641,0.14444413765375863,0,0,false_sos
2025-01-01 14:01:04.700,0.9461649103101499,0.21536124022982545,0.1508940043100384,0,0,false_sos
2025-01-01 14:01:04.800,1.136451369336726,0.3399641573690056,0.19028645902657604,0,0,false_sos
2025-01-01 14:01:04.900,0.9700149481836441,0.3171290196449137,0.16643642115308188,0,0,false_sos
2025-01-01 14:01:05.000,1.0865983170883529,0.2542875425563241,0.11658336890470877,0,0,false_sos
2025-01-01 14:01:05.100,1.2373000077754832,0.27594675714581435,0.15070169068713035,0,0,false_sos
2025-01-01 14:01:05.200,1.0817790938365273,0.278501218698788,0.15552091393895595,0,0,false_sos
2025-01-01 14:01:05.300,1.1193349969941162,0.19980553752173735,0.037555903157588943,0,0,false_sos
2025-01-01 14:01:05.400,0.917828063332044,0.29725542789943865,0.20150693366207217,0,0,false_sos
2025-01-01 14:01:05.500,1.0486006881177126,0.3263978266638155,0.13077262478566853,0,0,false_sos
2025-01-01 14:01:05.600,1.0614280590069314,0.2987555979787514,0.012827370889218814,0,0,false_sos
2025-01-01 14:01:05.700,0.9875892013820352,0.29249034382681804,0.07383885762489617,0,0,false_sos
2025-01-01 14:01:05.800,1.0245690625766246,0.21559493603546157,0.0369798611945894,0,0,false_sos
2025-01-01 14:01:05.900,0.9144278394164324,0.2621560029132017,0.11014122316019226,0,0,false_sos
2025-01-01 14:01:06.000,0.9645196054817357,0.21656526560319922,0.0500917660653033,0,0,false_sos
2025-01-01 14:01:06.100,0.9029440356222147,0.2638183242817853,0.06157556985952095,0,0,false_sos
2025-01-01 14:01:06.200,0.8798371182388207,0.3068663594283727,0.023106917383393988,0,0,false_sos
2025-01-01 14:01:06.300,1.0599742670387815,0.44233992982850967,0.1801371487999608,0,0,false_sos
2025-01-01 14:01:06.400,0.9361834448776158,0.28718702732796025,0.12379082216116566,0,0,false_sos
2025-01-01 14:01:06.500,1.0268581278756217,0.29618387112449707,0.09067468299800585,0,0,false_sos
2025-01-01 14:01:06.600,1.1496279926179238,0.2732493493162176,0.12276986474230211,0,0,false_sos
2025-01-01 14:01:06.700,1.0888741949983853,0.27950962414517044,0.060753797619538474,0,0,false_sos
2025-01-01 14:01:06.800,0.9508202944321024,0.3486686988544496,0.13805390056628297,0,0,false_sos
2025-01-01 14:01:06.900,0.9806239636338123,0.2684710154540639,0.02980366920170996,0,0,false_sos
2025-01-01 14:01:07.000,0.9488205558342677,0.29773917443250875,0.0318034077995446,0,0,false_sos
2025-01-01 14:01:07.100,1.0012117278057238,0.32903752804409997,0.05239117197145604,0,0,false_sos
2025-01-01 14:01:07.200,1.1382408845096788,0.25153582679043823,0.137029156703955,0,0,false_sos
2025-01-01 14:01:07.300,1.1313706900708234,0.41216645604194824,0.006870194438855393,0,0,false_sos
2025-01-01 14:01:07.400,0.959816127996839,0.27479786173715415,0.17155456207398434,0,0,false_sos
2025-01-01 14:01:07.500,0.8915759090640276,0.30776432554781347,0.0682402189328114,0,0,false_sos
2025-01-01 14:01:07.600,1.0855781042545134,0.36724555026685324,0.19400219519048578,0,0,false_sos
2025-01-01 14:01:07.700,0.8175632139072733,0.2775633800897391,0.26801489034724013,0,0,false_sos
2025-01-01 14:01:07.800,1.047320884271924,0.15319290208781552,0.22975767036465067,0,0,false_sos
2025-01-01 14:01:07.900,0.8183177245313624,0.30908318423354514,0.2290031597405615,0,0,false_sos
2025-01-01 14:01:08.000,1.1,0.5,0.21593942355590068,0,0,false_sos
2025-01-01 14:01:08.100,0.2,0.4,0.015936286132977928,0,0,false_sos
2025-01-01 14:01:08.200,8.5,9.1,0.051964843441567043,0,0,false_sos
2025-01-01 14:01:08.300,9.2,10.5,0.05537826619740838,0,0,false_sos
2025-01-01 14:01:08.400,7.8,8.8,0.1333500103988483,0,0,false_sos
2025-01-01 14:01:08.500,6.1,6.2,0.007790346767482914,0,0,false_sos
2025-01-01 14:01:08.600,4.0,3.1,0.02402879419289916,0,0,false_sos
2025-01-01 14:01:08.700,2.5,1.5,0.17674526272193636,0,0,false_sos
2025-01-01 14:01:08.800,1.8,0.9,0.20755469674794091,0,0,false_sos
2025-01-01 14:01:08.900,1.2,0.7,0.02316540827821767,0,0,false_sos
2025-01-01 14:01:09.000,1.0,0.6,0.15718737207451283,0,0,false_sos
2025-01-01 14:01:09.100,1.0,0.5,0.13242793154091892,0,0,false_sos
2025-01-01 14:01:09.200,0.9518241794878782,0.31842445764806976,0.2963249035771073,0,0,false_sos
2025-01-01 14:01:09.300,0.9871734398818985,0.20234839677830774,0.03534926039402031,0,0,false_sos
2025-01-01 14:01:09.400,0.9651833562719506,0.24453572186794584,0.02199008360994792,0,0,false_sos
2025-01-01 14:01:09.500,1.0260425813578253,0.23305734112083484,0.06085922508587471,0,0,false_sos
2025-01-01 14:01:09.600,1.0673850308901955,0.34159253033984727,0.04134244953237021,0,0,false_sos
2025-01-01 14:01:09.700,0.9447320183252588,0.2541871745758376,0.12265301256493677,0,0,false_sos
2025-01-01 14:01:09.800,0.9835300597008791,0.3792320380547235,0.038798041375620373,0,0,false_sos
2025-01-01 14:01:09.900,0.9265854132305318,0.25394776966960586,0.05694464647034736,0,0,false_sos
2025-01-01 14:01:10.000,1.018937299762831,0.2703173941490786,0.0923518865322992,0,0,false_sos
2025-01-01 14:01:10.100,0.9809113029620077,0.23628152606847497,0.0380259968008233,0,0,false_sos
2025-01-01 14:01:10.200,1.034213371621875,0.30450424610199467,0.05330206865986742,0,0,false_sos
2025-01-01 14:01:10.300,0.98345648522903,0.2754980409706507,0.050756886392845146,0,0,false_sos
2025-01-01 14:01:10.400,1.014406539152246,0.2929926743265624,0.030950053923216148,0,0,false_sos
2025-01-01 14:01:10.500,0.8696097212229659,0.32252193284566905,0.14479681792928023,0,0,false_sos
2025-01-01 14:01:10.600,0.9522287098515555,0.2980822364570581,0.08261898862858963,0,0,false_sos
2025-01-01 14:01:10.700,0.9683658088485136,0.2634767389006231,0.016137098996958144,0,0,false_sos
2025-01-01 14:01:10.800,1.0166795716772743,0.23953387684751726,0.048313762828760654,0,0,false_sos
2025-01-01 14:01:10.900,0.9158652388545698,0.305675494914559,0.10081433282270447,0,0,false_sos
2025-01-01 14:01:11.000,0.9587572523473434,0.38914844769606277,0.042892013492773606,0,0,false_sos
2025-01-01 14:01:11.100,1.0794047805342204,0.36262814101503305,0.12064752818687696,0,0,false_sos
2025-01-01 14:01:11.200,1.036303200895666,0.3083477563131973,0.04310157963855432,0,0,false_sos
2025-01-01 14:01:11.300,0.9490418506323375,0.271385006680044,0.0872613502633286,0,0,false_sos
2025-01-01 14:01:11.400,0.9993409943683715,0.3473325148526893,0.05029914373603406,0,0,false_sos
2025-01-01 14:01:11.500,0.9743545921963487,0.3137167935984001,0.02498640217202286,0,0,false_sos
2025-01-01 14:01:11.600,1.0198996550930048,0.2723895570708994,0.04554506289665616,0,0,false_sos
2025-01-01 14:01:11.700,0.9778606010579914,0.2787057361777202,0.0420390540350134,0,0,false_sos
2025-01-01 14:01:11.800,0.92570379245396,0.2699900701220992,0.05215680860403149,0,0,false_sos
2025-01-01 14:01:11.900,1.0099723887158263,0.24890702272222845,0.08426859626186634,0,0,false_sos
2025-01-01 14:01:12.000,0.8784318578965029,0.2927812943995151,0.13154053081932338,0,0,false_sos
2025-01-01 14:01:12.100,1.0535606747931603,0.2742260147843404,0.17512881689665738,0,0,false_sos
2025-01-01 14:01:12.200,1.0791849006328025,0.30763393497339375,0.02562422583964219,0,0,false_sos
2025-01-01 14:01:12.300,1.0712732211848883,0.2805449504434552,0.007911679447914155,0,0,false_sos
2025-01-01 14:01:12.400,0.8908283726385532,0.22622130668330506,0.18044484854633513,0,0,false_sos
2025-01-01 14:01:12.500,0.9901688361280053,0.3117467518725907,0.09934046348945214,0,0,false_sos
2025-01-01 14:01:12.600,1.069303699776441,0.39209035617307303,0.07913486364843558,0,0,false_sos
2025-01-01 14:01:12.700,1.0197774362436316,0.23826781442317618,0.04952626353280931,0,0,false_sos
2025-01-01 14:01:12.800,1.0267101852696867,0.3188359234713089,0.006932749026055118,0,0,false_sos
2025-01-01 14:01:12.900,1.013853969393662,0.2614621408726731,0.012856215876024812,0,0,false_sos
2025-01-01 14:01:13.000,1.0659162793667154,0.3143183090727874,0.0520623099730535,0,0,false_sos
2025-01-01 14:01:13.100,0.9900357291876059,0.4343928569752492,0.07588055017910955,0,0,false_sos
2025-01-01 14:01:13.200,0.872613506464554,0.35908870171163065,0.1174222227230518,0,0,false_sos
2025-01-01 14:01:13.300,1.025882777175332,0.2733703092382002,0.153269270710778,0,0,false_sos
2025-01-01 14:01:13.400,1.1759456360704048,0.2647259677592486,0.15006285889507276,0,0,false_sos
2025-01-01 14:01:13.500,1.0609377675472182,0.2755137271974387,0.11500786852318656,0,0,false_sos
2025-01-01 14:01:13.600,1.0531698443512123,0.32905493821290066,0.007767923196005944,0,0,false_sos
2025-01-01 14:01:13.700,1.160343025249934,0.2831486674494329,0.10717318089872174,0,0,false_sos
2025-01-01 14:01:13.800,0.9427126080819009,0.24759682969013677,0.2176304171680331,0,0,false_sos
2025-01-01 14:01:13.900,0.9239482410744697,0.31574272732724334,0.018764367007431226,0,0,false_sos
2025-01-01 14:01:14.000,0.9710415620776389,0.1919248173352034,0.04709332100316921,0,0,false_sos
2025-01-01 14:01:14.100,1.0409168322032127,0.2656232256392119,0.06987527012557382,0,0,false_sos
2025-01-01 14:01:14.200,1.148280450683465,0.3708913944114953,0.10736361848025222,0,0,false_sos
2025-01-01 14:01:14.300,1.0920596825700057,0.279198743044243,0.05622076811345922,0,0,false_sos
2025-01-01 14:01:14.400,1.0007610124014237,0.2924581005863634,0.09129867016858206,0,0,false_sos
2025-01-01 14:01:14.500,1.1216106732351794,0.2489049572901554,0.1208496608337557,0,0,false_sos
2025-01-01 14:01:14.600,1.0303542618956143,0.2527602090543991,0.09125641133956508,0,0,false_sos
2025-01-01 14:01:14.700,1.0302003260665649,0.2344471151634479,0.00015393582904943415,0,0,false_sos
2025-01-01 14:01:14.800,0.9920648657792052,0.24917609869724944,0.0381354602873597,0,0,false_sos
2025-01-01 14:01:14.900,0.9325134454344786,0.22731983641059453,0.0595514203447266,0,0,false_sos
2025-01-01 14:01:15.000,0.9876974111223373,0.15334855331280225,0.05518396568785877,0,0,false_sos
2025-01-01 14:01:15.100,0.927089808842834,0.29211880317188055,0.06060760227950335,0,0,false_sos
2025-01-01 14:01:15.200,0.8389312201687256,0.247443798003657,0.08815858867410842,0,0,false_sos
2025-01-01 14:01:15.300,0.9388442201833522,0.3483852980043816,0.09991300001462666,0,0,false_sos
2025-01-01 14:01:15.400,1.111878157868352,0.3303265677808841,0.17303393768499986,0,0,false_sos
2025-01-01 14:01:15.500,0.982980331437367,0.33177663151679265,0.12889782643098513,0,0,false_sos
2025-01-01 14:01:15.600,0.8909231230002032,0.3587899321571611,0.0920572084371638,0,0,false_sos
2025-01-01 14:01:15.700,1.0161121200436225,0.36490081719305234,0.12518899704341935,0,0,false_sos
2025-01-01 14:01:15.800,1.1950808053615962,0.2798577191487355,0.17896868531797372,0,0,false_sos
2025-01-01 14:01:15.900,0.9960116483889823,0.3670396544048236,0.19906915697261396,0,0,false_sos
2025-01-01 14:01:16.000,1.2026812012555057,0.39915980920460326,0.20666955286652344,0,0,false_sos
2025-01-01 14:01:16.100,1.0498948436333229,0.3325709218466599,0.15278635762218284,0,0,false_sos
2025-01-01 14:01:16.200,0.8411324671211547,0.23807883382816727,0.2087623765121681,0,0,false_sos
2025-01-01 14:01:16.300,1.0324590401684828,0.2883333092557279,0.19132657304732803,0,0,false_sos
2025-01-01 14:01:16.400,1.1766784590513553,0.3052451149385025,0.14421941888287249,0,0,false_sos
2025-01-01 14:01:16.500,1.0469684915957453,0.2676027871716101,0.12970996745560992,0,0,false_sos
2025-01-01 14:01:16.600,0.9122523247839961,0.25448975143527003,0.13471616681174925,0,0,false_sos
2025-01-01 14:01:16.700,1.0387294735876926,0.3741421432063691,0.12647714880369654,0,0,false_sos
2025-01-01 14:01:16.800,1.1132691956736915,0.2910961974920415,0.0745397220859989,0,0,false_sos
2025-01-01 14:01:16.900,0.882639064514646,0.28728028340256795,0.23063013115904551,0,0,false_sos
2025-01-01 14:01:17.000,1.0184322258685254,0.33523949885564114,0.13579316135387942,0,0,false_sos
2025-01-01 14:01:17.100,1.034555751631314,0.2588275284812699,0.016123525762788526,0,0,false_sos
2025-01-01 14:01:17.200,1.0942536464290638,0.4018234335845653,0.059697894797749784,0,0,false_sos
2025-01-01 14:01:17.300,0.9768771993057652,0.31038462284975726,0.11737644712329853,0,0,false_sos
2025-01-01 14:01:17.400,0.9381857798090615,0.31930449064459443,0.03869141949670374,0,0,false_sos
2025-01-01 14:01:17.500,1.058573656414993,0.23123212623359674,0.12038787660593153,0,0,false_sos
2025-01-01 14:01:17.600,1.0343738075558113,0.27243800249847416,0.024199848859181694,0,0,false_sos
2025-01-01 14:01:17.700,1.0034283087735743,0.34424561040396173,0.03094549878223707,0,0,false_sos
2025-01-01 14:01:17.800,0.9691665751449202,0.3070598197318915,0.034261733628654034,0,0,false_sos
2025-01-01 14:01:17.900,1.074932257489775,0.2947984844885738,0.10576568234485484,0,0,false_sos
2025-01-01 14:01:18.000,0.9671433805615988,0.28700606500372255,0.10778887692817629,0,0,false_sos
2025-01-01 14:01:18.100,1.1844627587679672,0.3226108862867804,0.21731937820636849,0,0,false_sos
2025-01-01 14:01:18.200,0.9792432496301149,0.2096698930627316,0.20521950913785236,0,0,false_sos
2025-01-01 14:01:18.300,1.1100519311756893,0.3819875495066522,0.13080868154557446,0,0,false_sos
2025-01-01 14:01:18.400,1.0931662531002744,0.35232149563731846,0.016885678075414967,0,0,false_sos
2025-01-01 14:01:18.500,1.0423942261135573,0.3526049430273223,0.05077202698671712,0,0,false_sos
2025-01-01 14:01:18.600,0.9958020921527162,0.21285834797361314,0.04659213396084105,0,0,false_sos
2025-01-01 14:01:18.700,1.0962793785836213,0.3179376235854898,0.10047728643090514,0,0,false_sos
2025-01-01 14:01:18.800,1.016197853765675,0.3822704160504458,0.08008152481794628,0,0,false_sos
2025-01-01 14:01:18.900,0.9354216379658373,0.28861397443999687,0.08077621579983774,0,0,false_sos
2025-01-01 14:01:19.000,1.0147448385564344,0.2584625282899762,0.07932320059059705,0,0,false_sos
2025-01-01 14:01:19.100,1.0401884752287704,0.2160751811893824,0.025443636672336067,0,0,false_sos
2025-01-01 14:01:19.200,0.8669958119972543,0.2696838133701922,0.17319266323151616,0,0,false_sos
2025-01-01 14:01:19.300,1.0952686709915034,0.3300701065007385,0.2282728589942491,0,0,false_sos
2025-01-01 14:01:19.400,0.8544560534138166,0.21077331352418394,0.2408126175776868,0,0,false_sos
2025-01-01 14:01:19.500,1.0239992910059605,0.2358405228120712,0.16954323759214396,0,0,false_sos
2025-01-01 14:01:19.600,0.997244830369487,0.3391787088424636,0.026754460636473576,0,0,false_sos
2025-01-01 14:01:19.700,0.8660100352639851,0.24231716168939219,0.13123479510550184,0,0,false_sos
2025-01-01 14:01:19.800,0.9848472209023917,0.3009495658054816,0.11883718563840662,0,0,false_sos
2025-01-01 14:01:19.900,0.9192908367034616,0.29811803182011437,0.06555638419893017,0,0,false_sos
