timestamp,battery_pct,cpu_pct,bg_wakeups_per_min,network_tx_bytes,label,scenario
2025-01-01 23:00:00,81.97864617359471,3.74506453387737,1.0,23.262954900395513,0,battery_drain
2025-01-01 23:01:00,82.24191659397056,4.7818202126064095,1.0,28.91965762520839,0,battery_drain
2025-01-01 23:02:00,81.90915595783257,3.0354640615199853,1.0,19.791426891429733,0,battery_drain
2025-01-01 23:03:00,81.99947179673848,3.0894370478501543,2.0,18.966370344413882,0,battery_drain
2025-01-01 23:04:00,81.71014005567622,4.430444711734252,4.0,27.227176894103383,0,battery_drain
2025-01-01 23:05:00,81.65631203779716,3.3072758038550267,3.0,79.87724663845663,0,battery_drain
2025-01-01 23:06:00,81.71327707276168,3.6978678390557462,2.0,164.38029432843084,0,battery_drain
2025-01-01 23:07:00,81.65718033061023,3.3601001856130783,0.0,41.290306106669924,0,battery_drain
2025-01-01 23:08:00,81.44970628521148,3.3406388891492718,1.0,44.63103039441706,0,battery_drain
2025-01-01 23:09:00,81.04482436079078,4.043872005990354,6.0,42.161925562811874,0,battery_drain
2025-01-01 23:10:00,81.30827591844235,3.255405420623099,3.0,18.412301012135455,0,battery_drain
2025-01-01 23:11:00,81.36947636179357,3.577110354283244,1.0,108.20236184690944,0,battery_drain
2025-01-01 23:12:00,81.20352501627275,4.305524016752743,3.0,44.697977367779,0,battery_drain
2025-01-01 23:13:00,81.20176352525701,6.191899778050504,3.0,19.16998572361068,0,battery_drain
2025-01-01 23:14:00,81.10724058397662,3.0357000190532006,1.0,115.1492308161615,0,battery_drain
2025-01-01 23:15:00,80.78474877842004,3.4971045324192116,1.0,3.705722405697272,0,battery_drain
2025-01-01 23:16:00,81.06575590526106,3.664593483273894,1.0,7.690018786470112,0,battery_drain
2025-01-01 23:17:00,80.77965441707562,3.1654815010589696,1.0,41.510404807015554,0,battery_drain
2025-01-01 23:18:00,80.72476520440756,3.7354490512962366,2.0,150.29273271123165,0,battery_drain
2025-01-01 23:19:00,80.82197632750196,3.896543038928006,4.0,81.19153352739491,0,battery_drain
2025-01-01 23:20:00,80.55692422909874,4.61232401898261,3.0,24.49833544051118,0,battery_drain
2025-01-01 23:21:00,80.63926331920572,4.739554886912167,6.0,31.806653685194874,0,battery_drain
2025-01-01 23:22:00,80.40496399648096,4.175385437780148,0.0,67.22714071517524,0,battery_drain
2025-01-01 23:23:00,80.4385377798212,3.444697629539157,0.0,23.476003050122117,0,battery_drain
2025-01-01 23:24:00,80.34397705658476,3.790074010647569,3.0,5.509616258392916,0,battery_drain
2025-01-01 23:25:00,80.26403768833448,3.653477203246297,1.0,102.30326331776907,0,battery_drain
2025-01-01 23:26:00,80.144196751036,3.028874297171133,0.0,42.81405258731083,0,battery_drain
2025-01-01 23:27:00,80.19323150462299,3.0922387658201584,0.0,85.97838142215987,0,battery_drain
2025-01-01 23:28:00,80.151532499779,4.657879612129031,1.0,14.011243947402646,0,battery_drain
2025-01-01 23:29:00,80.20555958359503,3.4058891060806396,2.0,137.30326344354756,0,battery_drain
2025-01-01 23:30:00,79.91392704555801,3.468121382505206,2.0,61.12252113189124,0,battery_drain
2025-01-01 23:31:00,79.94123879984024,3.6535188972994748,1.0,3.5510649652324706,0,battery_drain
2025-01-01 23:32:00,80.19776325470407,3.21611412625961,2.0,10.191716037546875,0,battery_drain
2025-01-01 23:33:00,79.8587732804211,3.93319379261846,2.0,44.97079858226473,0,battery_drain
2025-01-01 23:34:00,79.80574034749216,3.661524786440054,4.0,60.14018654151031,0,battery_drain
2025-01-01 23:35:00,79.73166676983263,3.041266917528551,4.0,29.10761574034013,0,battery_drain
2025-01-01 23:36:00,79.34435624586713,4.027622660985422,1.0,17.29900903353925,0,battery_drain
2025-01-01 23:37:00,79.49674712338098,3.629335114187308,1.0,16.557437016348427,0,battery_drain
2025-01-01 23:38:00,79.14571109797404,3.609838566132202,0.0,4.08779166956005,0,battery_drain
2025-01-01 23:39:00,79.52919839795662,7.0194363911071695,3.0,74.05012822903002,0,battery_drain
2025-01-01 23:40:00,79.58837599297897,3.1847724335150427,2.0,60.22057880265578,0,battery_drain
2025-01-01 23:41:00,79.18734894620178,3.3119390035855507,1.0,150.1087362231623,0,battery_drain
2025-01-01 23:42:00,79.46452168761729,3.911821463451577,2.0,55.94517339315112,0,battery_drain
2025-01-01 23:43:00,78.96509215920754,3.2428534562957614,5.0,37.180753113423606,0,battery_drain
2025-01-01 23:44:00,78.88787654164231,5.680707918292175,1.0,20.747106967555684,0,battery_drain
2025-01-01 23:45:00,79.08290978766259,4.358970623121472,1.0,19.13378725686915,0,battery_drain
2025-01-01 23:46:00,78.81093619100349,3.280687469685077,3.0,43.87418362424305,0,battery_drain
2025-01-01 23:47:00,78.79216963928242,5.514792404253557,2.0,13.566585056338045,0,battery_drain
2025-01-01 23:48:00,78.96293383449601,3.9345907991699134,6.0,33.20142241535562,0,battery_drain
2025-01-01 23:49:00,78.58713204183161,3.4102915579243493,0.0,53.43941974444162,0,battery_drain
2025-01-01 23:50:00,78.62434629398008,5.636498288373513,0.0,5.956445211040192,0,battery_drain
2025-01-01 23:51:00,78.58241787750934,3.246088997622886,1.0,34.85238869506757,0,battery_drain
2025-01-01 23:52:00,78.59011542328746,4.155273041187722,5.0,59.438857742581355,0,battery_drain
2025-01-01 23:53:00,78.5764958637434,3.8004799440271695,1.0,131.61806460802092,0,battery_drain
2025-01-01 23:54:00,78.38446434480748,4.201149578423933,2.0,11.695182570510514,0,battery_drain
2025-01-01 23:55:00,78.15352739130971,3.5091133686436162,2.0,141.9443520072973,0,battery_drain
2025-01-01 23:56:00,78.41817200310855,3.584057208433767,2.0,46.06010955695389,0,battery_drain
2025-01-01 23:57:00,78.63130404948113,3.0112421112404415,2.0,36.58155836987745,0,battery_drain
2025-01-01 23:58:00,78.25638022987557,4.166362288615947,0.0,187.2698464023993,0,battery_drain
2025-01-01 23:59:00,78.15075839255684,3.0635713577716563,4.0,4.924324321213061,0,battery_drain
2025-01-02 00:00:00,77.95293581729726,54.355458705282985,26.0,4655.415830324,1,battery_drain
2025-01-02 00:01:00,77.51695506927665,88.91789152717966,28.0,3762.5201294622602,1,battery_drain
2025-01-02 00:02:00,77.08299470070325,66.0807794799989,25.0,5403.085759553122,1,battery_drain
2025-01-02 00:03:00,77.30823688512446,66.32414204974673,29.0,5399.336900743895,1,battery_drain
2025-01-02 00:04:00,76.40661906313515,72.41453574001963,27.0,4725.3165563126095,1,battery_drain
2025-01-02 00:05:00,76.69450587091416,78.71240147647244,27.0,4537.377349200498,1,battery_drain
2025-01-02 00:06:00,76.18281105701934,71.31433237684534,32.0,4002.4108274102064,1,battery_drain
2025-01-02 00:07:00,75.77635261944201,68.4416178517453,36.0,4861.598132552344,1,battery_drain
2025-01-02 00:08:00,75.65105466225674,66.18098903891341,33.0,5358.283023049373,1,battery_drain
2025-01-02 00:09:00,74.95786971568388,69.02752240950088,33.0,5320.368244454284,1,battery_drain
2025-01-02 00:10:00,75.27151042203563,68.52274925640269,28.0,4047.690892126975,1,battery_drain
2025-01-02 00:11:00,74.26682011231733,77.17503408314064,21.0,3679.225970208293,1,battery_drain
2025-01-02 00:12:00,74.03789197873806,77.57726912413902,24.0,5645.57742213585,1,battery_drain
2025-01-02 00:13:00,74.29535723980557,61.661287199315716,30.0,4480.371745389295,1,battery_drain
2025-01-02 00:14:00,74.06236054618809,76.3070714845469,32.0,5278.696457219476,1,battery_drain
2025-01-02 00:15:00,73.53441150081031,74.91657832834572,33.0,5487.286005661023,1,battery_drain
2025-01-02 00:16:00,72.97091396887753,72.9778415291288,25.0,5035.463529907756,1,battery_drain
2025-01-02 00:17:00,73.08507595117396,72.38232977224216,23.0,4724.685083694286,1,battery_drain
2025-01-02 00:18:00,72.62483963979814,66.140839136279,18.0,5162.169082919097,1,battery_drain
2025-01-02 00:19:00,72.44203195080904,80.31046999588192,22.0,4569.075415231373,1,battery_drain
2025-01-02 00:20:00,71.7895388242426,58.344767652440936,40.0,4544.996919492488,1,battery_drain
2025-01-02 00:21:00,71.77314277508731,74.14032896822813,26.0,5467.6943305463265,1,battery_drain
2025-01-02 00:22:00,71.14724744411816,68.69625160395063,29.0,4944.2823283836715,1,battery_drain
2025-01-02 00:23:00,71.19997666346552,94.24893950803028,39.0,5175.825601129001,1,battery_drain
2025-01-02 00:24:00,70.82337634499316,71.09171897527648,30.0,4007.885415050838,1,battery_drain
2025-01-02 00:25:00,70.43025475631605,69.59400510739839,25.0,5357.720011335501,1,battery_drain
2025-01-02 00:26:00,70.21226564181705,60.922236649028584,26.0,5421.778275279781,1,battery_drain
2025-01-02 00:27:00,70.1456511169591,80.33704244099656,32.0,4611.285263110418,1,battery_drain
2025-01-02 00:28:00,69.56860714694973,77.8233515240948,31.0,5495.77996355217,1,battery_drain
2025-01-02 00:29:00,69.12032805530302,84.4657415245819,25.0,5040.071144880457,1,battery_drain
2025-01-02 00:30:00,68.57677249110891,73.28771199218339,37.0,3838.8284683675547,1,battery_drain
2025-01-02 00:31:00,68.34038566372061,77.0288396126384,26.0,4632.0722857857045,1,battery_drain
2025-01-02 00:32:00,68.15782962221746,60.04830316897315,24.0,5106.214247040912,1,battery_drain
2025-01-02 00:33:00,67.89690558120576,76.05065194980884,32.0,5638.481660291369,1,battery_drain
2025-01-02 00:34:00,67.79040131829701,75.59599536957671,29.0,4214.3102752628665,1,battery_drain
2025-01-02 00:35:00,67.49417693440425,66.95712422832959,29.0,5905.579692458622,1,battery_drain
2025-01-02 00:36:00,67.11654414757514,71.79709819637252,32.0,4318.7215059529435,1,battery_drain
2025-01-02 00:37:00,67.12799887047449,85.68715512014857,37.0,5579.958434283074,1,battery_drain
2025-01-02 00:38:00,66.10865755845845,66.58678653125419,36.0,5143.054566387159,1,battery_drain
2025-01-02 00:39:00,66.55690285864154,68.35663314723017,26.0,4370.146667299225,1,battery_drain
2025-01-02 00:40:00,66.19466987946224,74.62520985121044,31.0,4487.107470524568,1,battery_drain
2025-01-02 00:41:00,65.6001202547302,76.34129531971708,25.0,4930.250471818505,1,battery_drain
2025-01-02 00:42:00,65.2004406357971,77.663991726121,29.0,4135.350911255289,1,battery_drain
2025-01-02 00:43:00,65.17041620093936,79.21182460884039,32.0,5289.790220690009,1,battery_drain
2025-01-02 00:44:00,64.90565241300095,79.45793257481249,31.0,3687.4635195865294,1,battery_drain
2025-01-02 00:45:00,64.56989596735717,78.20540577589605,38.0,5951.494627135988,1,battery_drain
2025-01-02 00:46:00,64.8386928840973,66.63348005096731,32.0,4232.944861097719,1,battery_drain
2025-01-02 00:47:00,63.864492947931545,66.64790203069487,25.0,6201.719619774112,1,battery_drain
2025-01-02 00:48:00,63.63125216904549,80.44983301682876,34.0,4517.766459342298,1,battery_drain
2025-01-02 00:49:00,63.211790554446914,82.54313579833551,26.0,4460.742806646985,1,battery_drain
2025-01-02 00:50:00,62.91234102068048,91.7159389716302,34.0,5546.55537915921,1,battery_drain
2025-01-02 00:51:00,62.66930938679098,88.04793744646412,22.0,4939.386176957533,1,battery_drain
2025-01-02 00:52:00,62.32927516956179,76.87114192104842,20.0,4845.5291425516625,1,battery_drain
2025-01-02 00:53:00,62.14034215816219,78.13437023919586,29.0,4283.299101115782,1,battery_drain
2025-01-02 00:54:00,61.59254997998038,74.95605996195924,35.0,4738.664862530854,1,battery_drain
2025-01-02 00:55:00,61.714794608713746,81.75287812445045,31.0,5712.930697143916,1,battery_drain
2025-01-02 00:56:00,61.04402982440335,60.429407729580255,25.0,4739.797242450756,1,battery_drain
2025-01-02 00:57:00,60.662986578972884,87.57799517227173,28.0,5671.981684249965,1,battery_drain
2025-01-02 00:58:00,60.50199675694042,69.48023130214241,24.0,5215.31369286937,1,battery_drain
2025-01-02 00:59:00,60.11532608673071,61.34346116979722,37.0,4855.003084333526,1,battery_drain
2025-01-02 01:00:00,60.136504309868116,80.15153148571434,34.0,4018.120971994819,1,battery_drain
2025-01-02 01:01:00,59.87136568414379,76.00521936415136,31.0,4626.341414140031,1,battery_drain
2025-01-02 01:02:00,59.470506629558486,68.53896009674739,27.0,4812.200023252792,1,battery_drain
2025-01-02 01:03:00,58.82957496636373,66.06342617652102,36.0,4413.19195485476,1,battery_drain
2025-01-02 01:04:00,59.0286502962334,68.19557828563046,29.0,4810.781356285317,1,battery_drain
2025-01-02 01:05:00,58.26327552255369,70.9437843779998,22.0,4952.10307930862,1,battery_drain
2025-01-02 01:06:00,58.37378368197692,76.68829773402227,34.0,4831.025117276328,1,battery_drain
2025-01-02 01:07:00,58.174114393696776,71.56199648620463,27.0,4781.080101940852,1,battery_drain
2025-01-02 01:08:00,57.420879903424826,96.74131239883846,31.0,4081.273687656058,1,battery_drain
2025-01-02 01:09:00,57.139745922655834,84.2944187920215,22.0,6059.284803781033,1,battery_drain
2025-01-02 01:10:00,57.353098153355496,67.46703906650927,33.0,4861.920504527596,1,battery_drain
2025-01-02 01:11:00,56.514925497471914,69.62877353605248,23.0,4998.554213977814,1,battery_drain
2025-01-02 01:12:00,56.31614561522969,66.98639454102404,31.0,5383.731437063348,1,battery_drain
2025-01-02 01:13:00,56.06596003529366,76.66646132546026,27.0,5050.146248966494,1,battery_drain
2025-01-02 01:14:00,55.83637374005403,67.06560877023225,23.0,4828.865711590388,1,battery_drain
2025-01-02 01:15:00,55.40968335437955,84.99076773436633,38.0,5047.052886469155,1,battery_drain
2025-01-02 01:16:00,55.015757156294754,59.451832313649135,37.0,4159.978319547787,1,battery_drain
2025-01-02 01:17:00,55.52351221988737,73.59481992943162,33.0,5744.647895059143,1,battery_drain
2025-01-02 01:18:00,54.58312338004565,73.20740652105417,14.0,4793.470808909817,1,battery_drain
2025-01-02 01:19:00,54.61238733199114,68.41766657870728,28.0,4322.738178906601,1,battery_drain
2025-01-02 01:20:00,53.939604213191856,67.47185946560964,28.0,4813.941777003292,1,battery_drain
2025-01-02 01:21:00,53.55848033354468,49.17864403767433,31.0,4974.499561754761,1,battery_drain
2025-01-02 01:22:00,53.11199182822135,76.40811589422086,27.0,5136.40019285937,1,battery_drain
2025-01-02 01:23:00,53.267244366875524,66.72922901907421,27.0,5475.656938158783,1,battery_drain
2025-01-02 01:24:00,52.81552711514099,75.55220162477256,28.0,4550.094384899811,1,battery_drain
2025-01-02 01:25:00,52.079348293793096,79.50042151528771,29.0,4321.376935372326,1,battery_drain
2025-01-02 01:26:00,52.310633502550374,65.62933008108124,25.0,4756.566072042789,1,battery_drain
2025-01-02 01:27:00,51.653745680769354,73.86147824443522,21.0,4139.841218947071,1,battery_drain
2025-01-02 01:28:00,51.45818073125777,71.3549657220461,28.0,4842.908236989836,1,battery_drain
2025-01-02 01:29:00,51.204848561961015,82.40363709482772,28.0,5641.388971080352,1,battery_drain
2025-01-02 01:30:00,51.13707900539376,64.14191468986517,22.0,5371.239299329598,1,battery_drain
2025-01-02 01:31:00,50.82732654226583,48.55872709067459,34.0,4383.52686597788,1,battery_drain
2025-01-02 01:32:00,50.21745896110601,72.95208523517566,27.0,5103.681387894883,1,battery_drain
2025-01-02 01:33:00,50.08181381067132,81.95377628353893,23.0,4539.561616651536,1,battery_drain
2025-01-02 01:34:00,49.592073927179435,80.0226122332494,33.0,5099.890480183726,1,battery_drain
2025-01-02 01:35:00,49.48256757098675,73.1645472209832,31.0,4471.929276028269,1,battery_drain
2025-01-02 01:36:00,49.09272036747748,85.46841746531628,25.0,4893.3166402466695,1,battery_drain
2025-01-02 01:37:00,48.7999174866129,76.66550740506659,25.0,4957.848764445239,1,battery_drain
2025-01-02 01:38:00,48.58693715475578,70.60189778854237,31.0,4618.556284459667,1,battery_drain
2025-01-02 01:39:00,48.57926345743166,62.35812623237727,25.0,4308.837057234741,1,battery_drain
2025-01-02 01:40:00,47.920762071466335,64.29264948723868,35.0,5569.491764947029,1,battery_drain
2025-01-02 01:41:00,47.61215253144276,73.97647600143289,28.0,4575.1277706952105,1,battery_drain
2025-01-02 01:42:00,47.53050368042534,80.75759202674129,33.0,4368.460553273503,1,battery_drain
2025-01-02 01:43:00,47.170460692195256,71.1911105861115,26.0,4323.0487573117425,1,battery_drain
2025-01-02 01:44:00,46.94116740930492,65.20509377579084,24.0,4353.8669396207315,1,battery_drain
2025-01-02 01:45:00,46.35359646346826,50.32889655202058,21.0,4683.494849087148,1,battery_drain
2025-01-02 01:46:00,46.36045522527309,71.48448605469478,39.0,4682.582289673437,1,battery_drain
2025-01-02 01:47:00,46.031460724400944,68.49154314596083,26.0,4674.134123710305,1,battery_drain
2025-01-02 01:48:00,45.706039172562214,83.46242450111936,33.0,5654.434415790894,1,battery_drain
2025-01-02 01:49:00,45.35224185352467,68.98542199463047,29.0,5004.721033382327,1,battery_drain
2025-01-02 01:50:00,45.22488948263268,74.31936715442926,27.0,4144.745458745896,1,battery_drain
2025-01-02 01:51:00,44.5674134399071,78.1427030404681,29.0,5317.879189891473,1,battery_drain
2025-01-02 01:52:00,44.27478118857942,70.39946154519616,30.0,4744.275614684083,1,battery_drain
2025-01-02 01:53:00,43.940608486235895,63.65166285430583,30.0,3983.1143928235133,1,battery_drain
2025-01-02 01:54:00,43.6960882362199,88.88423670365776,30.0,5509.1872728621875,1,battery_drain
2025-01-02 01:55:00,43.65500965312784,67.56993076756277,30.0,5585.595434201826,1,battery_drain
2025-01-02 01:56:00,43.37718624686265,76.77291541746978,16.0,4724.5281224706605,1,battery_drain
2025-01-02 01:57:00,42.63417101160544,85.890668581527,23.0,4643.9064875978465,1,battery_drain
2025-01-02 01:58:00,42.45176326243305,79.03872238883106,38.0,5503.2718883748375,1,battery_drain
2025-01-02 01:59:00,42.0404269878485,77.52061394710816,26.0,5959.87933043257,1,battery_drain
2025-01-02 02:00:00,42.23817135295078,74.04903535455144,22.0,4382.84282086495,1,battery_drain
2025-01-02 02:01:00,41.61748745901871,82.73957038497446,34.0,3629.448606491789,1,battery_drain
2025-01-02 02:02:00,41.32927179016066,62.74606583441864,35.0,6068.753787624779,1,battery_drain
2025-01-02 02:03:00,41.172399690927094,70.07934949213721,26.0,5146.464307237057,1,battery_drain
2025-01-02 02:04:00,40.651637326922675,76.02999954012806,22.0,5862.622789806114,1,battery_drain
2025-01-02 02:05:00,40.24012602892455,71.66136759573679,17.0,4304.885039101735,1,battery_drain
2025-01-02 02:06:00,40.12545422203981,84.71638696115028,24.0,4801.923124589603,1,battery_drain
2025-01-02 02:07:00,40.12654127788347,62.30167379970078,27.0,4633.799531792409,1,battery_drain
2025-01-02 02:08:00,39.728390849559986,85.05006203225344,24.0,4006.867553242729,1,battery_drain
2025-01-02 02:09:00,39.22715169190587,83.00258242537191,34.0,3682.434543388994,1,battery_drain
2025-01-02 02:10:00,39.05192478065568,61.76106983079631,31.0,3814.7201036405513,1,battery_drain
2025-01-02 02:11:00,38.664601677859125,77.56810108457609,32.0,4318.219722079362,1,battery_drain
2025-01-02 02:12:00,38.48649606954821,66.2517614425216,28.0,4873.601487100332,1,battery_drain
2025-01-02 02:13:00,37.96786719176621,70.85608496463878,27.0,5134.100392115353,1,battery_drain
2025-01-02 02:14:00,37.86670982119592,73.7383017365028,32.0,4309.66074906765,1,battery_drain
2025-01-02 02:15:00,37.50563210528811,61.22631330088167,28.0,4601.875118689562,1,battery_drain
2025-01-02 02:16:00,37.007830115197876,72.93775398941816,31.0,5696.824971467355,1,battery_drain
2025-01-02 02:17:00,37.023489181032495,70.08611225363535,31.0,4545.011457137891,1,battery_drain
2025-01-02 02:18:00,36.55304197371555,81.43287762657178,28.0,5699.962622776562,1,battery_drain
2025-01-02 02:19:00,36.21354227690984,82.58571807817272,25.0,4355.500254654179,1,battery_drain
2025-01-02 02:20:00,36.20094826523522,61.27128798339271,26.0,4119.4489418085495,1,battery_drain
2025-01-02 02:21:00,35.65040263377856,78.70395508439901,34.0,4585.753197744239,1,battery_drain
2025-01-02 02:22:00,35.174002249611235,64.67520006431579,29.0,4420.553631830392,1,battery_drain
2025-01-02 02:23:00,34.96508018641136,71.52816213915563,34.0,4012.144042591446,1,battery_drain
2025-01-02 02:24:00,34.86872228173822,65.26395491566842,26.0,4951.792252258197,1,battery_drain
2025-01-02 02:25:00,34.267010396146404,89.92407178434212,29.0,5673.363716498324,1,battery_drain
2025-01-02 02:26:00,34.09193156431086,69.9029229166845,34.0,4397.005476176915,1,battery_drain
2025-01-02 02:27:00,33.811433867091175,58.67174074896061,26.0,4607.548281117233,1,battery_drain
2025-01-02 02:28:00,33.80067216328498,67.8704142349426,32.0,3587.154411995325,1,battery_drain
2025-01-02 02:29:00,33.04915018656716,68.7119095680233,23.0,4380.2248400356,1,battery_drain
2025-01-02 02:30:00,32.97843497440416,61.06007390896657,29.0,5447.810067936835,1,battery_drain
2025-01-02 02:31:00,32.72343877857484,83.83220758907252,30.0,4595.983021323122,1,battery_drain
2025-01-02 02:32:00,32.22332506001456,75.02261350972975,33.0,5555.998850194921,1,battery_drain
2025-01-02 02:33:00,32.37064889239294,70.95913673434794,32.0,5397.266948674055,1,battery_drain
2025-01-02 02:34:00,31.73569549210378,74.07293947932656,40.0,4675.447881778233,1,battery_drain
2025-01-02 02:35:00,31.727911903791885,67.17203665208247,22.0,4280.490920972266,1,battery_drain
2025-01-02 02:36:00,31.241439369770756,74.7649645435113,28.0,4514.523535245805,1,battery_drain
2025-01-02 02:37:00,30.691811441951327,74.42569156243363,26.0,5040.999985537368,1,battery_drain
2025-01-02 02:38:00,30.49919802836059,57.848191834207654,32.0,5125.158439500686,1,battery_drain
2025-01-02 02:39:00,30.40824104055148,77.4437991189458,27.0,4826.417525456191,1,battery_drain
2025-01-02 02:40:00,29.76147340869702,65.95606646458322,22.0,6171.100716523095,1,battery_drain
2025-01-02 02:41:00,29.55125061886955,75.75089105086148,27.0,3534.7140261692507,1,battery_drain
2025-01-02 02:42:00,29.327343892635383,71.68311658325064,25.0,4567.24617160749,1,battery_drain
2025-01-02 02:43:00,28.840448175937443,72.13055231041531,24.0,5974.989828557709,1,battery_drain
2025-01-02 02:44:00,29.3174151630918,77.10801311641988,28.0,4500.501046240643,1,battery_drain
2025-01-02 02:45:00,28.80345149216554,88.17613693665133,27.0,3085.9221911968534,1,battery_drain
2025-01-02 02:46:00,28.631988452140206,74.92761529230663,26.0,4117.281968344699,1,battery_drain
2025-01-02 02:47:00,27.961168189068008,71.30342449371882,28.0,4991.464433304577,1,battery_drain
2025-01-02 02:48:00,27.477697901253954,59.17623091164894,24.0,3855.533914698588,1,battery_drain
2025-01-02 02:49:00,27.27237889184361,71.27211495806543,31.0,5508.417136968075,1,battery_drain
2025-01-02 02:50:00,27.04082428318641,66.47038871875729,25.0,4207.013165697871,1,battery_drain
2025-01-02 02:51:00,26.26707240642208,84.26999038690725,25.0,4357.579492641467,1,battery_drain
2025-01-02 02:52:00,26.26908437529802,74.83436988677907,30.0,3521.9669379598354,1,battery_drain
2025-01-02 02:53:00,26.439798919701396,85.61805878138065,22.0,4430.338482483689,1,battery_drain
2025-01-02 02:54:00,25.924200584234914,68.72883288407975,24.0,4185.028362041319,1,battery_drain
2025-01-02 02:55:00,25.36341931126158,66.5768613753313,31.0,4704.027766972354,1,battery_drain
2025-01-02 02:56:00,25.005024592453772,83.89870231107761,33.0,4637.563170116429,1,battery_drain
2025-01-02 02:57:00,24.570900352535617,64.06818273996635,32.0,4342.155077373564,1,battery_drain
2025-01-02 02:58:00,24.406534637958323,81.78685216715546,25.0,4825.439523802786,1,battery_drain
2025-01-02 02:59:00,24.02400458963715,75.05143021431681,26.0,4698.718047976578,1,battery_drain
2025-01-02 03:00:00,24.08315548321698,66.54129297594716,25.0,5144.015260317471,1,battery_drain
2025-01-02 03:01:00,23.625635207220707,77.96157282752887,34.0,5238.276793570102,1,battery_drain
2025-01-02 03:02:00,23.586509140079286,64.71454481186544,30.0,5216.406175384233,1,battery_drain
2025-01-02 03:03:00,22.951761707636898,70.05549568778709,20.0,3507.1780992752447,1,battery_drain
2025-01-02 03:04:00,22.51982825669658,67.11848122817351,23.0,4297.43773480988,1,battery_drain
2025-01-02 03:05:00,22.273348976185527,79.94453072640567,23.0,4542.0753673879335,1,battery_drain
2025-01-02 03:06:00,22.370239885995776,65.40092190420162,26.0,5239.236087192886,1,battery_drain
2025-01-02 03:07:00,21.92700816715106,82.64244751136081,29.0,4760.982395574315,1,battery_drain
2025-01-02 03:08:00,21.400112614386735,70.94412168441795,33.0,4586.517440374722,1,battery_drain
2025-01-02 03:09:00,21.314638171447637,82.07227368658697,20.0,4059.187498616304,1,battery_drain
2025-01-02 03:10:00,20.86350026788244,74.4064399134186,29.0,5177.71946657678,1,battery_drain
2025-01-02 03:11:00,20.737559546968008,60.33787099822965,31.0,6546.858652280774,1,battery_drain
2025-01-02 03:12:00,20.320309330213444,87.87138419119243,25.0,5940.115943222735,1,battery_drain
2025-01-02 03:13:00,19.946542846557907,77.19858262005768,33.0,5189.928215050717,1,battery_drain
2025-01-02 03:14:00,19.88499021988956,84.54010939268589,37.0,4673.249604951697,1,battery_drain
2025-01-02 03:15:00,19.23438208588638,60.553010514959674,25.0,4324.249140423328,1,battery_drain
2025-01-02 03:16:00,19.379855565037214,51.86729644878069,26.0,4561.264812579507,1,battery_drain
2025-01-02 03:17:00,19.075605220483414,84.95769868347028,29.0,4263.011056315322,1,battery_drain
2025-01-02 03:18:00,18.868813781802587,70.91858505252456,30.0,4753.685773320545,1,battery_drain
2025-01-02 03:19:00,18.262880451354555,73.61141651806614,26.0,4713.942295796889,1,battery_drain
2025-01-02 03:20:00,18.14952449227902,66.21245517817486,25.0,5267.233199165347,1,battery_drain
2025-01-02 03:21:00,17.872005553495036,66.49386768591927,30.0,4775.3627588047875,1,battery_drain
2025-01-02 03:22:00,17.587854117178534,70.60398770858504,18.0,5116.635168708786,1,battery_drain
2025-01-02 03:23:00,17.001682324653192,76.29574205977939,38.0,4929.738044474028,1,battery_drain
2025-01-02 03:24:00,16.23214914314679,66.26337142512023,27.0,4701.863836213651,1,battery_drain
2025-01-02 03:25:00,16.419754876439768,63.60954339629232,35.0,5618.235963152912,1,battery_drain
2025-01-02 03:26:00,16.119330480631906,71.40185258984054,24.0,4666.181034938695,1,battery_drain
2025-01-02 03:27:00,16.313825570439434,80.03064674412238,36.0,4894.013900829721,1,battery_drain
2025-01-02 03:28:00,15.282834625423895,70.72166911367667,32.0,4697.41410902115,1,battery_drain
2025-01-02 03:29:00,14.70886151523683,66.4455257771119,24.0,4626.852661248751,1,battery_drain
2025-01-02 03:30:00,14.842381364549203,78.3912454422823,32.0,3976.2857117426274,1,battery_drain
2025-01-02 03:31:00,15.020297798336268,73.24403507233528,40.0,5096.36438212207,1,battery_drain
2025-01-02 03:32:00,14.665546157673322,59.68621756004438,34.0,5083.322402710359,1,battery_drain
2025-01-02 03:33:00,14.216861943477312,61.2839111153955,30.0,5460.638653342901,1,battery_drain
2025-01-02 03:34:00,13.82584854377754,75.24548561849905,30.0,4115.0758769584445,1,battery_drain
2025-01-02 03:35:00,13.551581461591102,78.44521049704761,26.0,5714.934814996372,1,battery_drain
2025-01-02 03:36:00,13.47650058843445,74.95691710042239,40.0,4997.758820413498,1,battery_drain
2025-01-02 03:37:00,12.922338439424003,78.94307416504934,29.0,4036.8103258530077,1,battery_drain
2025-01-02 03:38:00,12.603639270449998,77.77786076143317,25.0,4181.7721805320525,1,battery_drain
2025-01-02 03:39:00,11.992944939959228,64.14294373122358,33.0,5169.427793608944,1,battery_drain
2025-01-02 03:40:00,11.830380846076245,76.8876193299202,25.0,4646.985423492642,1,battery_drain
2025-01-02 03:41:00,11.899930378054469,80.85262426407144,27.0,4711.864402790215,1,battery_drain
2025-01-02 03:42:00,11.42148551159362,75.25698292951623,30.0,4496.175738171799,1,battery_drain
2025-01-02 03:43:00,10.971555917447148,83.57140577609235,31.0,4655.753080869727,1,battery_drain
2025-01-02 03:44:00,10.770323333346395,60.21933208155637,31.0,5169.18822008968,1,battery_drain
2025-01-02 03:45:00,10.18914084877426,83.74774525131659,30.0,5311.294337293621,1,battery_drain
2025-01-02 03:46:00,10.188643564551139,66.61585582431181,22.0,5080.519500080026,1,battery_drain
2025-01-02 03:47:00,9.575538354784609,83.78159167413361,29.0,3984.3493412201824,1,battery_drain
2025-01-02 03:48:00,9.767641846471214,78.10256255670615,35.0,4941.204990399805,1,battery_drain
2025-01-02 03:49:00,9.510890199167072,64.8085740203289,31.0,5707.574654351565,1,battery_drain
2025-01-02 03:50:00,9.19661731549665,78.03158274496298,27.0,4273.1080520164505,1,battery_drain
2025-01-02 03:51:00,8.630846800139594,71.76770809926066,22.0,4753.58158679551,1,battery_drain
2025-01-02 03:52:00,7.980805785119049,65.00637721344607,27.0,4936.037229455356,1,battery_drain
2025-01-02 03:53:00,8.165089637252848,66.52718089388136,29.0,4794.853796132725,1,battery_drain
2025-01-02 03:54:00,8.161780347397883,76.97442776777648,26.0,4644.396089206063,1,battery_drain
2025-01-02 03:55:00,7.381406373423342,79.45026048187461,32.0,5409.21706571812,1,battery_drain
2025-01-02 03:56:00,7.07841906248751,72.45689455874795,23.0,4431.295238201948,1,battery_drain
2025-01-02 03:57:00,6.858055696011858,71.6211757337301,24.0,5721.774160558027,1,battery_drain
2025-01-02 03:58:00,6.873660535679948,65.23392143039648,28.0,5867.22055144102,1,battery_drain
2025-01-02 03:59:00,6.0299322033752425,69.52217622752619,18.0,4214.830525819585,1,battery_drain
2025-01-02 04:00:00,5.767665265856551,62.35209198396087,26.0,5004.122403595445,1,battery_drain
2025-01-02 04:01:00,5.523024998242646,76.2813980637642,32.0,4536.064142031779,1,battery_drain
2025-01-02 04:02:00,5.629822829720796,78.50151615734221,29.0,5408.217771528397,1,battery_drain
2025-01-02 04:03:00,5.008825623205867,83.20122722030429,18.0,4271.335188989595,1,battery_drain
2025-01-02 04:04:00,4.612332260426436,87.66544533983773,29.0,5005.965434946892,1,battery_drain
2025-01-02 04:05:00,4.457763483664682,76.51874173737053,34.0,4526.359427723369,1,battery_drain
2025-01-02 04:06:00,4.261788673670101,62.52233438718069,26.0,5623.828878976183,1,battery_drain
2025-01-02 04:07:00,3.4813425212758182,83.26937688327092,31.0,4848.501675754935,1,battery_drain
2025-01-02 04:08:00,3.319279605240965,72.01051166788257,28.0,4744.794338621058,1,battery_drain
2025-01-02 04:09:00,3.818488834629157,73.47145163428472,22.0,5187.1810148768,1,battery_drain
2025-01-02 04:10:00,2.9913483730419546,64.62365814551362,32.0,4495.379024136628,1,battery_drain
2025-01-02 04:11:00,3.0505486939572797,57.29912295248308,21.0,4929.273761777647,1,battery_drain
2025-01-02 04:12:00,2.0340651392004627,73.63469665191688,37.0,6268.978800514189,1,battery_drain
2025-01-02 04:13:00,2.260542245381718,76.48920328978895,27.0,4802.777889184146,1,battery_drain
2025-01-02 04:14:00,1.8799719590898119,79.96189133287747,30.0,3947.635158497537,1,battery_drain
2025-01-02 04:15:00,1.2926762084689387,76.71129017331523,33.0,4744.9471682683015,1,battery_drain
2025-01-02 04:16:00,1.3436970236877785,72.87389493910266,37.0,5103.232938479703,1,battery_drain
2025-01-02 04:17:00,0.7161106189522992,91.84078301424567,24.0,4928.327601612241,1,battery_drain
2025-01-02 04:18:00,0.06854843194596705,76.02984048264472,32.0,5244.5311608740685,1,battery_drain
2025-01-02 04:19:00,0.08722043731104248,69.94696051776349,29.0,5234.258620194349,1,battery_drain
2025-01-02 04:20:00,0.0,58.321438997832956,33.0,4723.234413797142,1,battery_drain
2025-01-02 04:21:00,0.0,79.02751602808294,26.0,5583.57787382352,1,battery_drain
2025-01-02 04:22:00,0.0,68.51903633679633,40.0,5584.031331863001,1,battery_drain
2025-01-02 04:23:00,0.0,69.34043886509795,16.0,5530.045260337651,1,battery_drain
2025-01-02 04:24:00,0.0,78.32504872237253,38.0,5005.5508012669225,1,battery_drain
2025-01-02 04:25:00,0.0,88.43905389996591,28.0,4947.047054159217,1,battery_drain
2025-01-02 04:26:00,0.0,65.2636055889062,27.0,4916.970823745179,1,battery_drain
2025-01-02 04:27:00,0.0,59.67595711836138,30.0,4963.291785683352,1,battery_drain
2025-01-02 04:28:00,0.0,78.84518930028254,37.0,4688.070840815481,1,battery_drain
2025-01-02 04:29:00,0.0,67.86396671292785,31.0,3359.6604805045804,1,battery_drain
2025-01-02 04:30:00,0.0,66.69514393166097,31.0,4971.029907788419,1,battery_drain
2025-01-02 04:31:00,0.0,82.10306180481578,24.0,5606.64092120468,1,battery_drain
2025-01-02 04:32:00,0.0,74.99566332009714,27.0,3256.4323330519546,1,battery_drain
2025-01-02 04:33:00,0.0,64.28713739343084,20.0,5574.557313500417,1,battery_drain
2025-01-02 04:34:00,0.0,63.47658316451799,29.0,4447.694696719345,1,battery_drain
2025-01-02 04:35:00,0.0,67.79060392241048,24.0,4837.675058008837,1,battery_drain
2025-01-02 04:36:00,0.0,70.09176851955829,31.0,5814.648392129265,1,battery_drain
2025-01-02 04:37:00,0.0,71.64429594682282,25.0,4730.160678992147,1,battery_drain
2025-01-02 04:38:00,0.0,67.34054391175663,26.0,4090.0440749771774,1,battery_drain
2025-01-02 04:39:00,0.0,72.5442203375172,25.0,3583.0653848212314,1,battery_drain
2025-01-02 04:40:00,0.0,83.25255599736204,30.0,5212.4364912815045,1,battery_drain
2025-01-02 04:41:00,0.0,74.47387477284636,28.0,4624.11932537223,1,battery_drain
2025-01-02 04:42:00,0.0,74.24002641227504,26.0,5372.772886502975,1,battery_drain
2025-01-02 04:43:00,0.0,76.59900380240265,32.0,4353.987791944228,1,battery_drain
2025-01-02 04:44:00,0.0,53.7821280344601,27.0,5446.551088916174,1,battery_drain
2025-01-02 04:45:00,0.0,93.66148415045782,31.0,5495.572955217808,1,battery_drain
2025-01-02 04:46:00,0.0,81.48753523421574,32.0,4934.789604839212,1,battery_drain
2025-01-02 04:47:00,0.0,72.86051644205347,24.0,4448.5707452867555,1,battery_drain
2025-01-02 04:48:00,0.0,80.74338370499034,31.0,4838.458841080128,1,battery_drain
2025-01-02 04:49:00,0.0,71.21818810494307,29.0,4051.252768207467,1,battery_drain
2025-01-02 04:50:00,0.0,65.08318349111963,37.0,5699.955814259697,1,battery_drain
2025-01-02 04:51:00,0.0,79.84984914479367,29.0,4883.115092710736,1,battery_drain
2025-01-02 04:52:00,0.0,76.4898059988046,26.0,5670.181049638655,1,battery_drain
2025-01-02 04:53:00,0.0,86.62009160456935,32.0,4619.961831984167,1,battery_drain
2025-01-02 04:54:00,0.0,70.21255209577433,32.0,4024.3166410088525,1,battery_drain
2025-01-02 04:55:00,0.0,69.65046264147163,33.0,4927.781607796331,1,battery_drain
2025-01-02 04:56:00,0.0,64.6161889151007,25.0,5734.038028212949,1,battery_drain
2025-01-02 04:57:00,0.0,75.94140701591259,26.0,6405.889180057831,1,battery_drain
2025-01-02 04:58:00,0.0,80.57347633345886,37.0,3875.8200605890815,1,battery_drain
2025-01-02 04:59:00,0.0,60.71222709132643,28.0,3802.849530556537,1,battery_drain
2025-01-02 05:00:00,0.0,77.4716810386096,24.0,4026.268614942058,1,battery_drain
2025-01-02 05:01:00,0.0,71.94504839108387,35.0,4944.507836323604,1,battery_drain
2025-01-02 05:02:00,0.0,76.50692948117876,27.0,3833.918328700648,1,battery_drain
2025-01-02 05:03:00,0.0,81.90626568243694,25.0,4557.655578003412,1,battery_drain
2025-01-02 05:04:00,0.0,66.82606618773292,27.0,5310.980123606684,1,battery_drain
2025-01-02 05:05:00,0.0,62.540387119706054,28.0,4608.108283968076,1,battery_drain
2025-01-02 05:06:00,0.0,76.09400308774039,22.0,5266.757937803536,1,battery_drain
2025-01-02 05:07:00,0.0,64.03548629989156,31.0,3795.5443522756536,1,battery_drain
2025-01-02 05:08:00,0.0,64.02502813754255,27.0,3812.535810735059,1,battery_drain
2025-01-02 05:09:00,0.0,61.53444084597961,32.0,4873.19819165194,1,battery_drain
2025-01-02 05:10:00,0.0,90.82796431822236,31.0,4007.2100113480196,1,battery_drain
2025-01-02 05:11:00,0.0,52.49765220476242,34.0,5481.31386353411,1,battery_drain
2025-01-02 05:12:00,0.0,79.8939637797815,30.0,4648.841042294581,1,battery_drain
2025-01-02 05:13:00,0.0,74.83236325462137,29.0,4834.5315754723415,1,battery_drain
2025-01-02 05:14:00,0.0,80.71482851219822,24.0,4967.31165793446,1,battery_drain
2025-01-02 05:15:00,0.0,77.9018470809211,24.0,3652.55408949063,1,battery_drain
2025-01-02 05:16:00,0.0,80.20124464664953,29.0,4272.802010041303,1,battery_drain
2025-01-02 05:17:00,0.0,69.75658264768938,31.0,4293.719760939579,1,battery_drain
2025-01-02 05:18:00,0.0,71.39001068541879,28.0,5498.782870388764,1,battery_drain
2025-01-02 05:19:00,0.0,74.32386563806442,32.0,4019.4099950556997,1,battery_drain
2025-01-02 05:20:00,0.0,86.97742679718043,14.0,4572.4373020458825,1,battery_drain
2025-01-02 05:21:00,0.0,68.25735946563307,21.0,4935.699493248253,1,battery_drain
2025-01-02 05:22:00,0.0,66.00430234314457,33.0,4419.95630103853,1,battery_drain
2025-01-02 05:23:00,0.0,64.97709553982567,24.0,3477.0806753189054,1,battery_drain
2025-01-02 05:24:00,0.0,61.61143988207053,29.0,4480.8779283541435,1,battery_drain
2025-01-02 05:25:00,0.0,68.7850549687234,30.0,5587.241628728071,1,battery_drain
2025-01-02 05:26:00,0.0,59.41147575040035,28.0,4016.296709006518,1,battery_drain
2025-01-02 05:27:00,0.0,75.59993306715955,38.0,5962.468000158247,1,battery_drain
2025-01-02 05:28:00,0.0,62.7780615795204,25.0,4258.1427086575695,1,battery_drain
2025-01-02 05:29:00,0.0,68.60488212430455,25.0,5730.434447862481,1,battery_drain
2025-01-02 05:30:00,0.0,66.67065818484598,20.0,5266.773590440416,1,battery_drain
2025-01-02 05:31:00,0.0,83.61507536735267,24.0,3930.0948792731588,1,battery_drain
2025-01-02 05:32:00,0.0,85.52779948124075,33.0,5172.457490937311,1,battery_drain
2025-01-02 05:33:00,0.0,75.93313187300186,24.0,4741.83534203128,1,battery_drain
2025-01-02 05:34:00,0.0,71.70241716330864,33.0,4799.350867327114,1,battery_drain
2025-01-02 05:35:00,0.0,76.25046099887317,32.0,5781.004399243896,1,battery_drain
2025-01-02 05:36:00,0.0,83.09361954550614,26.0,4083.3350381712753,1,battery_drain
2025-01-02 05:37:00,0.0,57.91091525037614,26.0,4661.9995806150755,1,battery_drain
2025-01-02 05:38:00,0.0,84.19747377032954,29.0,5547.87788801102,1,battery_drain
2025-01-02 05:39:00,0.0,62.98230048088358,28.0,5589.3736642693475,1,battery_drain
2025-01-02 05:40:00,0.0,80.68753418058319,19.0,4991.738462173369,1,battery_drain
2025-01-02 05:41:00,0.0,64.22506607978976,31.0,4318.81113766703,1,battery_drain
2025-01-02 05:42:00,0.0,77.23844493522459,30.0,5019.594359120818,1,battery_drain
2025-01-02 05:43:00,0.0,78.176909546015,35.0,4820.537042414856,1,battery_drain
2025-01-02 05:44:00,0.0,75.58847455907538,25.0,5749.624765839895,1,battery_drain
2025-01-02 05:45:00,0.0,68.83767289376203,23.0,3903.2171569478446,1,battery_drain
2025-01-02 05:46:00,0.0,68.00073768619131,23.0,4872.947183847335,1,battery_drain
2025-01-02 05:47:00,0.0,63.40172949208525,26.0,5192.81210093876,1,battery_drain
2025-01-02 05:48:00,0.0,79.19446984752226,26.0,4206.085876766583,1,battery_drain
2025-01-02 05:49:00,0.0,87.37719354330076,23.0,4435.773836102568,1,battery_drain
2025-01-02 05:50:00,0.0,77.44107087475815,28.0,5114.369490165107,1,battery_drain
2025-01-02 05:51:00,0.0,52.7885967325461,29.0,5186.957232556036,1,battery_drain
2025-01-02 05:52:00,0.0,62.311795398231666,25.0,5191.140416764465,1,battery_drain
2025-01-02 05:53:00,0.0,74.53231106434612,32.0,3634.7279188269904,1,battery_drain
2025-01-02 05:54:00,0.0,85.34490006838769,20.0,4471.82584510879,1,battery_drain
2025-01-02 05:55:00,0.0,72.67927937159399,20.0,6266.801889836441,1,battery_drain
2025-01-02 05:56:00,0.0,66.48713223347568,30.0,4494.431862509594,1,battery_drain
2025-01-02 05:57:00,0.0,79.180118799007,38.0,5103.185463997328,1,battery_drain
2025-01-02 05:58:00,0.0,74.01230058589853,23.0,4166.598142970588,1,battery_drain
2025-01-02 05:59:00,0.0,75.93319345868667,26.0,5101.31912202497,1,battery_drain
2025-01-02 06:00:00,0.0,81.03761243293643,25.0,5431.07552928952,1,battery_drain
2025-01-02 06:01:00,0.0,72.97739344802469,28.0,4338.530658418563,1,battery_drain
2025-01-02 06:02:00,0.0,79.44472108401236,24.0,5003.959373457255,1,battery_drain
2025-01-02 06:03:00,0.0,69.46426731059037,23.0,5418.346195811894,1,battery_drain
2025-01-02 06:04:00,0.0,74.97062954298198,27.0,4172.136615432847,1,battery_drain
2025-01-02 06:05:00,0.0,67.30043181195686,26.0,4005.8865214052316,1,battery_drain
2025-01-02 06:06:00,0.0,70.08704828281236,22.0,4737.144043055505,1,battery_drain
2025-01-02 06:07:00,0.0,63.87588765349235,15.0,4273.424139520782,1,battery_drain
2025-01-02 06:08:00,0.0,68.90497145953299,27.0,4659.008009483495,1,battery_drain
2025-01-02 06:09:00,0.0,65.82070641212071,36.0,4929.67145439728,1,battery_drain
2025-01-02 06:10:00,0.0,93.63605276328485,27.0,5533.820599725317,1,battery_drain
2025-01-02 06:11:00,0.0,68.01251927115776,33.0,5343.98458906243,1,battery_drain
2025-01-02 06:12:00,0.0,63.75108985883759,18.0,3920.2809565124626,1,battery_drain
2025-01-02 06:13:00,0.0,78.69270363838169,29.0,5497.6550384413395,1,battery_drain
2025-01-02 06:14:00,0.0,80.33234483917606,28.0,4970.255734365207,1,battery_drain
2025-01-02 06:15:00,0.0,66.9289339660139,29.0,3342.3466089010453,1,battery_drain
2025-01-02 06:16:00,0.0,77.67224840662588,29.0,4128.215778916086,1,battery_drain
2025-01-02 06:17:00,0.0,76.31264040674137,29.0,3781.388488828185,1,battery_drain
2025-01-02 06:18:00,0.0,58.50914024177205,20.0,4371.097475333464,1,battery_drain
2025-01-02 06:19:00,0.0,61.56310523698647,32.0,4043.5636621527224,1,battery_drain
2025-01-02 06:20:00,0.0,58.67389189470146,30.0,5032.138599311637,1,battery_drain
2025-01-02 06:21:00,0.0,75.23783274383824,28.0,4506.955419656882,1,battery_drain
2025-01-02 06:22:00,0.0,79.08732196318714,22.0,4137.163928826421,1,battery_drain
2025-01-02 06:23:00,0.0,77.61502035984503,23.0,4638.780989692644,1,battery_drain
2025-01-02 06:24:00,0.0,76.65333270308746,20.0,5767.294027888849,1,battery_drain
2025-01-02 06:25:00,0.0,76.28908052224274,33.0,5630.627475775505,1,battery_drain
2025-01-02 06:26:00,0.0,70.10293271997362,41.0,4544.947480140837,1,battery_drain
2025-01-02 06:27:00,0.0,64.58258933739063,26.0,4580.758269724177,1,battery_drain
2025-01-02 06:28:00,0.0,81.29574289371239,33.0,3970.899905036814,1,battery_drain
2025-01-02 06:29:00,0.0,75.2658744697785,24.0,5421.963034366427,1,battery_drain
2025-01-02 06:30:00,0.0,71.0142629964041,22.0,5055.5014493353665,1,battery_drain
2025-01-02 06:31:00,0.0,62.58062925681755,31.0,4067.1302843645444,1,battery_drain
2025-01-02 06:32:00,0.0,81.14837777085351,36.0,4535.172333766191,1,battery_drain
2025-01-02 06:33:00,0.0,67.0567557680726,24.0,5922.706464492211,1,battery_drain
2025-01-02 06:34:00,0.0,72.98021471339295,41.0,4619.653930976854,1,battery_drain
2025-01-02 06:35:00,0.0,72.12476158475461,23.0,5964.476570006152,1,battery_drain
2025-01-02 06:36:00,0.0,76.19226835087385,24.0,4521.604925247535,1,battery_drain
2025-01-02 06:37:00,0.0,56.8193763410016,29.0,4012.3771807442745,1,battery_drain
2025-01-02 06:38:00,0.0,80.02689959217844,36.0,4577.14033874294,1,battery_drain
2025-01-02 06:39:00,0.0,91.63627353654947,28.0,4457.832498145082,1,battery_drain
2025-01-02 06:40:00,0.0,82.58267583788644,28.0,5068.570429279078,1,battery_drain
2025-01-02 06:41:00,0.0,82.09898818317008,25.0,4174.576815330722,1,battery_drain
2025-01-02 06:42:00,0.0,85.79233375694649,33.0,5030.550801617177,1,battery_drain
2025-01-02 06:43:00,0.0,70.95481017043254,28.0,4640.293839061422,1,battery_drain
2025-01-02 06:44:00,0.0,71.93634677680147,30.0,4779.194141744774,1,battery_drain
2025-01-02 06:45:00,0.0,75.9999767206772,37.0,4979.756046669156,1,battery_drain
2025-01-02 06:46:00,0.0,79.94643369565385,27.0,4941.182474143015,1,battery_drain
2025-01-02 06:47:00,0.0,57.92846991428659,33.0,5634.154946833594,1,battery_drain
2025-01-02 06:48:00,0.0,79.33157013687338,28.0,5037.896316441077,1,battery_drain
2025-01-02 06:49:00,0.0,84.92772135361753,25.0,4981.582425073209,1,battery_drain
2025-01-02 06:50:00,0.0,61.724926260698886,23.0,6075.3309856574815,1,battery_drain
2025-01-02 06:51:00,0.0,85.18141887909256,31.0,5544.475008519631,1,battery_drain
2025-01-02 06:52:00,0.0,65.92887092587225,21.0,4178.191914931024,1,battery_drain
2025-01-02 06:53:00,0.0,74.26802125095205,31.0,4603.797123812183,1,battery_drain
2025-01-02 06:54:00,0.0,74.62490068847512,25.0,5605.13579350737,1,battery_drain
2025-01-02 06:55:00,0.0,64.78533512227641,19.0,4911.775957397517,1,battery_drain
2025-01-02 06:56:00,0.0,62.6090815793692,39.0,4549.664744653327,1,battery_drain
2025-01-02 06:57:00,0.0,87.84818744288614,25.0,4283.335388383765,1,battery_drain
2025-01-02 06:58:00,0.0,65.47366117163014,31.0,3731.213678474762,1,battery_drain
2025-01-02 06:59:00,0.0,70.15703946468487,27.0,5690.852619296694,1,battery_drain
