timestamp,rr_interval,ecg_amplitude,ecg_noise,signal_quality,label,scenario
2025-01-01 20:00:00,0.8099342830602247,1.0378494308322677,0.052504490052958146,0.9580238137150602,0,afib_miss
2025-01-01 20:00:01,0.7972347139765763,0.9538917337911187,0.04141188917749494,0.9187867837237076,0,afib_miss
2025-01-01 20:00:02,0.8129537707620139,1.043480296005283,0.05244595006064568,0.9058318646617908,0,afib_miss
2025-01-01 20:00:03,0.8304605971281606,1.0677818929402476,0.06086596058072776,0.8897257121477435,0,afib_miss
2025-01-01 20:00:04,0.7953169325055334,1.020671745161185,0.050977201406514086,0.8839372064748812,0,afib_miss
2025-01-01 20:00:05,0.7953172608610164,1.0938397906279034,0.05081183382407765,0.8883172811398903,0,afib_miss
2025-01-01 20:00:06,0.8315842563101479,0.9613105400448213,0.035960166243864895,0.9253425330202297,0,afib_miss
2025-01-01 20:00:07,0.8153486945830583,0.9377672648344292,0.03674198164898104,0.9301745004645987,0,afib_miss
2025-01-01 20:00:08,0.790610512281301,0.9110639875547861,0.021947894564006133,0.8883761859593574,0,afib_miss
2025-01-01 20:00:09,0.8108512008717194,1.0748022155744592,0.08499153486373878,0.9379007662815223,0,afib_miss
2025-01-01 20:00:10,0.7907316461437508,1.0327182828177028,0.025122735292174302,0.9103387789663312,0,afib_miss
2025-01-01 20:00:11,0.790685404928595,0.9972207664544772,0.036141896044081856,0.9229358602397111,0,afib_miss
2025-01-01 20:00:12,0.8048392454313207,1.013998431315991,0.03563185468861606,0.9522444125651085,0,afib_miss
2025-01-01 20:00:13,0.761734395106844,0.9437255476350812,0.06789848753888883,0.9379367863173107,0,afib_miss
2025-01-01 20:00:14,0.7655016433497394,1.1222875989808414,0.04410100643415945,0.9146293870418833,0,afib_miss
2025-01-01 20:00:15,0.7887542494151806,1.0064610590987613,0.07495484145347468,0.9021761554916943,0,afib_miss
2025-01-01 20:00:16,0.7797433775933116,1.0054697397302446,0.03653018751512263,0.876963691973414,0,afib_miss
2025-01-01 20:00:17,0.8062849466519055,1.0362883311949347,0.05557988324447604,0.9056169336151516,0,afib_miss
2025-01-01 20:00:18,0.7818395184895758,1.0240504615868358,0.03329305893480486,0.9157773952234461,0,afib_miss
2025-01-01 20:00:19,0.7717539259732942,1.0111942012139565,0.09290298255546778,0.9002564094569764,0,afib_miss
2025-01-01 20:00:20,0.8293129753784312,0.9604762772277344,0.026248031619409747,0.917374860658154,0,afib_miss
2025-01-01 20:00:21,0.7954844739902693,1.0235734178568,0.05619641420454055,0.9215370376591754,0,afib_miss
2025-01-01 20:00:22,0.8013505640937585,1.0941012248237516,0.06267553761864197,0.9155028803638384,0,afib_miss
2025-01-01 20:00:23,0.7715050362757309,1.067271002307749,0.05827598194902997,0.9069999483835308,0,afib_miss
2025-01-01 20:00:24,0.7891123455094964,1.0796593313319698,0.04629424682244584,0.9233730934393346,0,afib_miss
2025-01-01 20:00:25,0.8022184517941974,0.9744392161784408,0.04740358600533148,0.9288388129913883,0,afib_miss
2025-01-01 20:00:26,0.776980128451554,0.950519758987071,0.05087622943958219,0.8981920184511432,0,afib_miss
2025-01-01 20:00:27,0.8075139603669135,0.9937106539950176,0.04705995996743023,0.9482186475949255,0,afib_miss
2025-01-01 20:00:28,0.787987226201624,1.0027862456144347,0.0692775823358982,0.9180282373543148,0,afib_miss
2025-01-01 20:00:29,0.7941661250041345,1.0547095759235474,0.09421046003182704,0.920376992458897,0,afib_miss
2025-01-01 20:00:30,0.7879658677554121,0.9153767685142591,0.03885016429984333,0.9341642884651312,0,afib_miss
2025-01-01 20:00:31,0.8370455636901788,1.0764775159730307,0.022603940408418444,0.9246643226252701,0,afib_miss
2025-01-01 20:00:32,0.7997300555052413,0.9920996050710505,0.048234359032974905,0.9390627326782649,0,afib_miss
2025-01-01 20:00:33,0.778845781420882,0.978655946502629,0.10159418675308637,0.9257424833040365,0,afib_miss
2025-01-01 20:00:34,0.8164508982420638,0.9493947812369916,0.03392650864060538,0.9077512525071912,0,afib_miss
2025-01-01 20:00:35,0.7755831270005796,0.9172571664067115,0.08278233610888136,0.9272300705041221,0,afib_miss
2025-01-01 20:00:36,0.8041772719000951,1.0411585291980958,0.08355401628152881,0.8971254758535868,0,afib_miss
2025-01-01 20:00:37,0.7608065975224045,1.0036658983594202,0.03892823516584011,0.9221711941155305,0,afib_miss
2025-01-01 20:00:38,0.7734362790220314,0.9355019550129473,0.06137966158370551,0.9193354001871108,0,afib_miss
2025-01-01 20:00:39,0.8039372247173825,0.9352460613968192,0.08256793246257077,0.9158376628545493,0,afib_miss
2025-01-01 20:00:40,0.8147693315999083,0.9832107650354935,0.04241744518025026,0.9174292497712214,0,afib_miss
2025-01-01 20:00:41,0.8034273656237995,1.0834510762644696,0.045928392797952765,0.8823630190900472,0,afib_miss
2025-01-01 20:00:42,0.7976870343522352,0.9870204324318198,0.03836638172102713,0.9090255018451808,0,afib_miss
2025-01-01 20:00:43,0.7939779260882143,0.9248428523440947,0.029704865386142663,0.9218568980228223,0,afib_miss
2025-01-01 20:00:44,0.7704295601926515,0.9877128467957028,0.03701444909867986,0.923197127839948,0,afib_miss
2025-01-01 20:00:45,0.7856031158321058,0.9863638215126165,0.025521194664754873,0.8994464971814808,0,afib_miss
2025-01-01 20:00:46,0.7907872245808043,0.8651556678529214,0.05068166936518453,0.945314156817294,0,afib_miss
2025-01-01 20:00:47,0.8211424445243783,0.9972852566741094,0.034600535378827166,0.90267650303571,0,afib_miss
2025-01-01 20:00:48,0.8068723657913692,0.9884532734895661,0.054675718235814956,0.9393891440105347,0,afib_miss
2025-01-01 20:00:49,0.7647391968927454,1.034810318240671,0.018882087075927458,0.9285438872374338,0,afib_miss
2025-01-01 20:00:50,0.8064816793878959,1.0924478047472672,0.056617604644289145,0.9070754538031239,0,afib_miss
2025-01-01 20:00:51,0.7922983543916737,1.056328251477388,0.06667057923217849,0.9555062178521903,0,afib_miss
2025-01-01 20:00:52,0.7864615599938809,0.9865555654722584,0.010125287148570895,0.8961272633648705,0,afib_miss
2025-01-01 20:00:53,0.8122335257768174,0.9446737045629164,0.05748113139695145,0.9383830834722001,0,afib_miss
2025-01-01 20:00:54,0.8206199904499191,1.128667990162493,0.07455337984946585,0.9400116463608597,0,afib_miss
2025-01-01 20:00:55,0.8186256023823241,1.0029609217007245,0.025807179626175892,0.9065875958184672,0,afib_miss
2025-01-01 20:00:56,0.7832156495355472,1.0006964645956473,0.08345144773675407,0.9478493060012866,0,afib_miss
2025-01-01 20:00:57,0.7938157524829758,0.9987937456444999,0.058380380187320904,0.914999069708021,0,afib_miss
2025-01-01 20:00:58,0.8066252686280713,1.0099042380383927,0.03589976288483183,0.9257738725855972,0,afib_miss
2025-01-01 20:00:59,0.8195109025424472,0.9927819794038029,0.048884618446845884,0.9252064367754245,0,afib_miss
2025-01-01 20:01:00,0.7904165152430942,0.9713168996559882,0.06116653825043445,0.9173138251705891,0,afib_miss
2025-01-01 20:01:01,0.7962868204667237,0.9726570529379804,0.05152010782824823,0.9362161654631956,0,afib_miss
2025-01-01 20:01:02,0.7778733005198795,0.9983623364892,0.06077511984892739,0.9358697744110444,0,afib_miss
2025-01-01 20:01:03,0.7760758675183866,0.9728287614433118,0.03158652813841267,0.8850293605352364,0,afib_miss
2025-01-01 20:01:04,0.816250516447884,0.9643577108661417,0.05338721648072156,0.9460868048575631,0,afib_miss
2025-01-01 20:01:05,0.8271248005714165,1.0053215113845948,0.021725710061900397,0.8867501602392865,0,afib_miss
2025-01-01 20:01:06,0.7985597975683933,0.9872511391289572,0.047775478773025994,0.9406509240868332,0,afib_miss
2025-01-01 20:01:07,0.8200706579578405,1.0751996494291345,0.031921847170704204,0.9425341027365517,0,afib_miss
2025-01-01 20:01:08,0.8072327205009527,0.8674515095803494,0.03528940114820467,0.8981806713956961,0,afib_miss
2025-01-01 20:01:09,0.7870976049078976,1.054575342596123,0.07472186350420876,0.9117837142409083,0,afib_miss
2025-01-01 20:01:10,0.8072279121101683,1.0623042596248815,0.07182620241188538,0.8978859066302813,0,afib_miss
2025-01-01 20:01:11,0.8307607313293194,0.8963304883795925,0.06218276241814354,0.9157015793942254,0,afib_miss
2025-01-01 20:01:12,0.799283479217801,0.9828656202959826,0.028153744706548422,0.9138393143162852,0,afib_miss
2025-01-01 20:01:13,0.8312928731162802,0.9814279567002104,0.043671831006103966,0.9355932106453868,0,afib_miss
2025-01-01 20:01:14,0.7476050979182052,0.9296244152641089,0.07426195399958367,0.9462061749223922,0,afib_miss
2025-01-01 20:01:15,0.8164380500875045,0.9611091656204562,0.0528343382727981,0.9479136762157991,0,afib_miss
2025-01-01 20:01:16,0.8017409413647635,0.9444712077267086,0.09638659079963388,0.908756639468434,0,afib_miss
2025-01-01 20:01:17,0.7940198529906827,1.0876135221711811,0.057866356787887444,0.9158155625251095,0,afib_miss
2025-01-01 20:01:18,0.8018352155307101,1.0467839196573732,0.053840982329800634,0.8863312361555811,0,afib_miss
2025-01-01 20:01:19,0.7602486217079822,1.0635777547497078,0.043817670715949976,0.9038825986700763,0,afib_miss
2025-01-01 20:01:20,0.7956065622432498,1.0360836032021619,0.05267081809564565,0.9392970326619492,0,afib_miss
2025-01-01 20:01:21,0.807142251430235,0.9435474114391386,0.046950603272389126,0.9523116564709647,0,afib_miss
2025-01-01 20:01:22,0.8295578808948304,0.9737739866860113,0.06416217353377181,0.8953130225624016,0,afib_miss
2025-01-01 20:01:23,0.7896345956345271,1.024468728061396,0.06913404633589168,0.9081507148169422,0,afib_miss
2025-01-01 20:01:24,0.7838301279421362,0.9388936095554027,0.03428021078984102,0.9194718848608215,0,afib_miss
2025-01-01 20:01:25,0.7899648591283093,1.0356499215086195,0.02337534092884444,0.9256032231763922,0,afib_miss
2025-01-01 20:01:26,0.8183080423540415,0.9879837300920933,0.01327589253793407,0.9038079296015671,0,afib_miss
2025-01-01 20:01:27,0.8065750221931938,0.9812589596225201,0.060159826538250874,0.9284812208892819,0,afib_miss
2025-01-01 20:01:28,0.7894047959246593,1.0355479984101745,0.02793266787652253,0.9105232130585817,0,afib_miss
2025-01-01 20:01:29,0.8102653486622672,1.022213165574302,0.006942188140950344,0.9197109545824345,0,afib_miss
2025-01-01 20:01:30,0.8019415509869608,0.9819516917090461,0.05777157209061928,0.930925684960074,0,afib_miss
2025-01-01 20:01:31,0.8193728998106579,1.0579664901682124,0.09985999034865581,0.9201284453962187,0,afib_miss
2025-01-01 20:01:32,0.785958938122453,0.9459468336200051,0.04987858176920214,0.9112722821894687,0,afib_miss
2025-01-01 20:01:33,0.7934467570680447,1.0307967803472131,0.06676981548903284,0.9178078039214834,0,afib_miss
2025-01-01 20:01:34,0.7921578369373569,1.0296550628984191,0.051636587170951306,0.9182327408158933,0,afib_miss
2025-01-01 20:01:35,0.7707297010373577,0.9845226780343005,0.04802220693617715,0.9125997794023575,0,afib_miss
2025-01-01 20:01:36,0.8059224055412916,1.016306651112106,0.06838152965975537,0.9148240787466579,0,afib_miss
2025-01-01 20:01:37,0.8052211054435978,0.9374443211807348,0.04419450911622698,0.9519729434100944,0,afib_miss
2025-01-01 20:01:38,0.8001022691328492,1.0462013509603452,0.05534784628143806,0.9312183889588248,0,afib_miss
2025-01-01 20:01:39,0.7953082573324971,0.9907548931778506,0.05643395612392028,0.9140903936394168,0,afib_miss
2025-01-01 20:01:40,0.7716925851589918,0.973863848974048,0.036638190927139026,0.9339390880902148,0,afib_miss
2025-01-01 20:01:41,0.7915870935446928,1.0524504612918444,0.06984084699073045,0.9133236102048798,0,afib_miss
2025-01-01 20:01:42,0.7931457096694646,0.964782815472862,0.04650080486609183,0.9434624927517329,0,afib_miss
2025-01-01 20:01:43,0.7839544546155677,0.929576935181822,0.03488509681014311,0.9273928438439619,0,afib_miss
2025-01-01 20:01:44,0.7967742857666799,0.9221685413238048,0.06073019687140807,0.9178539571199155,0,afib_miss
2025-01-01 20:01:45,0.8080810171362908,1.030300497567282,0.032030640364179255,0.9289543385162056,0,afib_miss
2025-01-01 20:01:46,0.8377237180242106,0.9359785323751858,0.050563623147382566,0.88858247695863,0,afib_miss
2025-01-01 20:01:47,0.8034915562566368,1.0877397090992182,0.04981762006711593,0.8974646506218039,0,afib_miss
2025-01-01 20:01:48,0.8051510078144554,0.8959035296058139,0.07171791131663156,0.896121499872019,0,afib_miss
2025-01-01 20:01:49,0.7985110816846767,1.084822818414502,0.059493964657599055,0.9228588618952742,0,afib_miss
2025-01-01 20:01:50,0.7616245756940192,1.010550873360131,0.049499460825097125,0.9546502999897019,0,afib_miss
2025-01-01 20:01:51,0.7994697224910157,0.9951643444064804,0.06635532598400574,0.9646260029238527,0,afib_miss
2025-01-01 20:01:52,0.8012046041988206,0.9727540456595525,0.07780415098034626,0.9327610220288152,0,afib_miss
2025-01-01 20:01:53,0.8492648422497058,1.0199568057176036,0.061156206127037246,0.9300168894988892,0,afib_miss
2025-01-01 20:01:54,0.7961527807043776,0.9981182648787575,0.05020705239686762,0.8839788453169453,0,afib_miss
2025-01-01 20:01:55,0.8060309468466723,1.0551650941008262,0.023763275352996813,0.9091465240053196,0,afib_miss
2025-01-01 20:01:56,0.7993057646058952,1.0057113824331019,0.02869772673849255,0.9042443249618353,0,afib_miss
2025-01-01 20:01:57,0.7766264392476094,1.0075150880730939,0.04389550591290665,0.9075830480349777,0,afib_miss
2025-01-01 20:01:58,0.8228564562903005,0.9818193893893072,0.03780975595681434,0.9166371236283043,0,afib_miss
2025-01-01 20:01:59,0.8150386606537355,0.9971527188139466,0.04626057394029108,0.9105581884460575,0,afib_miss
2025-01-01 20:02:00,0.815820638940861,1.015390088444603,0.051132998497942145,0.8804140037924842,0,afib_miss
2025-01-01 20:02:01,0.7818122509041052,0.9144915803671687,0.06059385508713462,0.9349582051223507,0,afib_miss
2025-01-01 20:02:02,0.8280558862187221,0.9325907288947144,0.04859002443881818,0.8985451394852039,0,afib_miss
2025-01-01 20:02:03,0.7719629787441544,1.0371632047011357,0.05973003287652404,0.924784937282223,0,afib_miss
2025-01-01 20:02:04,0.8117371418760054,1.0085432719063971,0.05128948829620241,0.9614816533949995,0,afib_miss
2025-01-01 20:02:05,0.8438091125161996,0.990800833182366,0.010490668672922573,0.9016123081682715,0,afib_miss
2025-01-01 20:02:06,0.7801892734973863,1.0009216966532697,0.031213292123624916,0.8693942495450735,0,afib_miss
2025-01-01 20:02:07,0.7886740454079446,1.0173790852680835,0.04711824888556769,0.9142799155623978,0,afib_miss
2025-01-01 20:02:08,0.8019930273017528,0.9730120159845319,0.02580610514317785,0.9420191926999715,0,afib_miss
2025-01-01 20:02:09,0.7899304869176761,0.9610847637298844,0.0619985745999241,0.9591669490844119,0,afib_miss
2025-01-01 20:02:10,0.7689867313786773,1.009792262754884,0.08061501664687395,0.8954090081109517,0,afib_miss
2025-01-01 20:02:11,0.8013712594961205,0.9510813611192483,0.07437523703394633,0.9299339844647305,0,afib_miss
2025-01-01 20:02:12,0.778753925725478,1.0204126377857237,0.045731142581395844,0.9106937908643989,0,afib_miss
2025-01-01 20:02:13,0.8094718486127037,0.9148708197881079,0.07981452273699904,0.9178810329139173,0,afib_miss
2025-01-01 20:02:14,0.781611515315324,1.0514577818662822,0.05297334914404223,0.9728868669403408,0,afib_miss
2025-01-01 20:02:15,0.8309986881003508,1.0236298741206522,0.04325828057763922,0.889940593432097,0,afib_miss
2025-01-01 20:02:16,0.7843349341532753,1.0128014867156938,0.037731946729181204,0.9250747932298915,0,afib_miss
2025-01-01 20:02:17,0.7935587696758866,1.0491345491972757,0.04395060627023743,0.9293538634353087,0,afib_miss
2025-01-01 20:02:18,0.8162703443473934,1.0832737222231288,0.04223646362917543,0.941715726498787,0,afib_miss
2025-01-01 20:02:19,0.7753827136713209,1.0507185032509065,0.05340832444750976,0.9219596630694179,0,afib_miss
2025-01-01 20:02:20,0.8045491986920826,0.9079562884334177,0.053211479620997294,0.9261610107900821,0,afib_miss
2025-01-01 20:02:21,0.8261428550856487,0.9360211516632149,0.05006092040306829,0.9121670286515642,0,afib_miss
2025-01-01 20:02:22,0.7678503353087754,0.9687590711152161,0.058738763394927,0.9253825388249022,0,afib_miss
2025-01-01 20:02:23,0.8036926771706461,1.0013045525105417,0.07381292549572682,0.9131361544900518,0,afib_miss
2025-01-01 20:02:24,0.8051976558849685,1.0258829510234562,0.06899108270882648,0.932431437797121,0,afib_miss
2025-01-01 20:02:25,0.8156364574355462,0.9637128093423267,0.02030204063100193,0.9126077932791273,0,afib_miss
2025-01-01 20:02:26,0.7752609857824384,1.0093383382238539,0.0010784226980390943,0.9275420078780438,0,afib_miss
2025-01-01 20:02:27,0.7735908677383145,0.9622308533823338,0.06868639822478548,0.9194147437263005,0,afib_miss
2025-01-01 20:02:28,0.810438831312338,0.9694241098504026,0.02266242603169158,0.9425210050154434,0,afib_miss
2025-01-01 20:02:29,0.8059396934646638,0.9296669451575889,0.045504691962146335,0.9189721255282303,0,afib_miss
2025-01-01 20:02:30,0.8050098570069176,0.9538383376944548,0.02659773947881281,0.8845393506358624,0,afib_miss
2025-01-01 20:02:31,0.8069289641899395,0.9324157697191833,0.013960391248399609,0.9452384300142799,0,afib_miss
2025-01-01 20:02:32,0.7863995055684302,0.9512063373511334,0.06082925456409576,0.9018853539827476,0,afib_miss
2025-01-01 20:02:33,0.8046450739432202,1.052682089830392,0.06518310320605294,0.9069246732270236,0,afib_miss
2025-01-01 20:02:34,0.8058614494659737,0.9525300555584029,0.038469791985465615,0.9080867741191302,0,afib_miss
2025-01-01 20:02:35,0.7857129716394727,1.1316191032418694,0.0018208458428981972,0.9474887618634164,0,afib_miss
2025-01-01 20:02:36,0.8373154902228952,1.0246658950440444,0.039075111034950344,0.8772865157204262,0,afib_miss
2025-01-01 20:02:37,0.8094766584182358,1.0092418061847437,0.057836080108050934,0.9827549706732,0,afib_miss
2025-01-01 20:02:38,0.776173930055947,0.9570821109909393,0.020421768624517427,0.9411211361813211,0,afib_miss
2025-01-01 20:02:39,0.8131310721726767,1.0350154939704497,0.053667198395583114,0.9244647782825832,0,afib_miss
2025-01-01 20:02:40,0.7805063665954536,0.9712181086881113,0.04969380301654009,0.9189021199876743,0,afib_miss
2025-01-01 20:02:41,0.815741692074849,1.0061004907322681,0.06158582999202177,0.9257110814971532,0,afib_miss
2025-01-01 20:02:42,0.8231719115801481,1.1280042269134398,0.05239160736828307,0.9304224485675868,0,afib_miss
2025-01-01 20:02:43,0.7835863536329658,0.9951970050137675,0.030538621182368893,0.9329043117190012,0,afib_miss
2025-01-01 20:02:44,0.8192675225848864,1.0574636663142838,0.07393143003328984,0.9311120893200691,0,afib_miss
2025-01-01 20:02:45,0.80825561853873,0.9648411787437057,0.046829408539460604,0.921791613625105,0,afib_miss
2025-01-01 20:02:46,0.8164412031998899,0.998250575475152,0.04945390920980137,0.9160532315938535,0,afib_miss
2025-01-01 20:02:47,0.837935859653079,1.0885400317817755,0.03133464081853608,0.9169745343269298,0,afib_miss
2025-01-01 20:02:48,0.7950922376799426,0.9686516471106116,0.041134354976169796,0.9161018343929465,0,afib_miss
2025-01-01 20:02:49,0.7849252767128503,1.0906224278998464,0.032303945719461984,0.9426754019373413,0,afib_miss
2025-01-01 20:02:50,0.7822097114074896,1.0353875967727737,0.04654107880153154,0.9318711344456173,0,afib_miss
2025-01-01 20:02:51,0.7836837943006912,0.9718766612052866,0.08423416960284688,0.8611922273067144,0,afib_miss
2025-01-01 20:02:52,0.7984579658117179,1.031620386952776,0.022561977141372876,0.9331180155305953,0,afib_miss
2025-01-01 20:02:53,0.8068230394963329,1.0486277224813365,0.01772877204246518,0.9238947238943755,0,afib_miss
2025-01-01 20:02:54,0.8055338159866005,1.0310904981108597,0.07942340654987218,0.9196258248710821,0,afib_miss
2025-01-01 20:02:55,0.8165436649807205,0.9214887640054772,0.04581352645696268,0.9122296309382223,0,afib_miss
2025-01-01 20:02:56,0.8002600378375582,0.9636431412087566,0.03661854522680167,0.9424822543997203,0,afib_miss
2025-01-01 20:02:57,0.8290706815431463,0.9876240682224248,0.07079809374792154,0.9389505292424571,0,afib_miss
2025-01-01 20:02:58,0.7947068633352409,0.9962783285449976,0.03788768920526272,0.9045424466435279,0,afib_miss
2025-01-01 20:02:59,0.8544033833317924,1.031033604877534,0.08652019427093872,0.9281410457424908,0,afib_miss
2025-01-01 20:03:00,0.8125133469553002,1.0088850500466626,0.06355851742678538,0.9005668653091743,0,afib_miss
2025-01-01 20:03:01,0.7828568488716744,0.9332327820644949,0.04024177183708595,0.8924076367042214,0,afib_miss
2025-01-01 20:03:02,0.7785821500387778,1.0190098925502982,0.09314616426531008,0.9074656555082007,0,afib_miss
2025-01-01 20:03:03,0.8096494483048637,1.0305292872641911,0.03788570153993323,0.9372478694476553,0,afib_miss
2025-01-01 20:03:04,0.795530744293483,1.027989522396552,0.06484190744018614,0.9390625009075217,0,afib_miss
2025-01-01 20:03:05,0.8142800098818419,1.054039036277731,0.05598585160812984,0.9302617084019459,0,afib_miss
2025-01-01 20:03:06,0.809464752491471,1.0416961077274451,0.07603482578797596,0.93450191573696,0,afib_miss
2025-01-01 20:03:07,0.7985434217468625,1.0229590039614218,0.08123022393453705,0.9303235657422992,0,afib_miss
2025-01-01 20:03:08,0.7830641256386319,0.9964917144270676,0.05064008298131534,0.907170368095541,0,afib_miss
2025-01-01 20:03:09,0.7697030555062827,0.9169519533242004,0.03493164259307634,0.9286384508934789,0,afib_miss
2025-01-01 20:03:10,0.7910697009586596,1.0214809109566292,0.05919944285878233,0.9360081905045536,0,afib_miss
2025-01-01 20:03:11,0.8171279758864695,1.0103843843581555,0.03644569260495788,0.9350858265962715,0,afib_miss
2025-01-01 20:03:12,0.8042818748826042,1.0135789418597687,0.09026774495053247,0.9437782674294929,0,afib_miss
2025-01-01 20:03:13,0.7750852244257603,0.9361625712089845,0.05273070662165475,0.9341660769440213,0,afib_miss
2025-01-01 20:03:14,0.8034636185170236,0.9459471729795869,0.042693568973757826,0.9270289641508317,0,afib_miss
2025-01-01 20:03:15,0.8077063475945768,1.0526576426666452,0.05369360611729817,0.9414030047663285,0,afib_miss
2025-01-01 20:03:16,0.7823228512759773,0.9980222423071673,0.023057474209406074,0.9194695748150188,0,afib_miss
2025-01-01 20:03:17,0.8030745021189106,1.0340750348686312,0.03056771922978697,0.9023625069754457,0,afib_miss
2025-01-01 20:03:18,0.8011641743689201,1.001415918806523,0.07400827815888851,0.9167386607211248,0,afib_miss
2025-01-01 20:03:19,0.7771405940433875,1.0014878069747872,0.036862114420572085,0.905101947103871,0,afib_miss
2025-01-01 20:03:20,0.8071557472069657,1.0469141902988,0.02906178034636121,0.9064964345005124,0,afib_miss
2025-01-01 20:03:21,0.8112156905273648,0.9741977635891313,0.06073305505054573,0.9171096265856897,0,afib_miss
2025-01-01 20:03:22,0.8216610248635056,1.0048060388470492,0.07371408309325994,0.9041516015800009,0,afib_miss
2025-01-01 20:03:23,0.8210760410406981,0.9768862355647479,0.06437906621330133,0.9138407694072193,0,afib_miss
2025-01-01 20:03:24,0.7724466126408582,0.9782751886283843,0.06992095371611633,0.8821277066609243,0,afib_miss
2025-01-01 20:03:25,0.7812434992016976,0.984541393826568,0.034864098228610786,0.9242658741474589,0,afib_miss
2025-01-01 20:03:26,0.8103007053441732,1.0111066885816857,0.021563786665163127,0.9200241095072446,0,afib_miss
2025-01-01 20:03:27,0.8102757190182442,0.9760625689168261,0.08002667303910974,0.9036582273786362,0,afib_miss
2025-01-01 20:03:28,0.810300953726121,1.062787806278676,0.04354640322315729,0.9331849133686482,0,afib_miss
2025-01-01 20:03:29,0.8770546298130945,0.9552696348890248,0.044983339670899056,0.9387514027525312,0,afib_miss
2025-01-01 20:03:30,0.8114178102138634,0.990656417791932,0.07656388283698116,0.8878488027126206,0,afib_miss
2025-01-01 20:03:31,0.822711312803612,0.9780134470862912,0.0611246001880132,0.9047455044286757,0,afib_miss
2025-01-01 20:03:32,0.8190800352698641,1.0723488942176866,0.059117755441632155,0.904617153004254,0,afib_miss
2025-01-01 20:03:33,0.813027825026116,1.0098277388255787,0.09330004689802168,0.9012019379778228,0,afib_miss
2025-01-01 20:03:34,0.7936946151071931,1.0515922269734317,0.037129635392397144,0.936589496838635,0,afib_miss
2025-01-01 20:03:35,0.8151793844098654,0.9257219813481514,0.06855680256162475,0.916123477224544,0,afib_miss
2025-01-01 20:03:36,0.7845434957092486,1.0133525132934629,0.051140262497941694,0.9147097031737879,0,afib_miss
2025-01-01 20:03:37,0.7952636278651999,1.0444815397811718,0.05537184557726514,0.8799227527118649,0,afib_miss
2025-01-01 20:03:38,0.790292729043418,1.0041141994637712,0.08056936852825064,0.9327083606041846,0,afib_miss
2025-01-01 20:03:39,0.8016374827877265,1.0532740187532676,0.06015671512579248,0.8952148321029306,0,afib_miss
2025-01-01 20:03:40,0.8462931713334703,0.9741355774949814,0.060765921580992664,0.9211986526053266,0,afib_miss
2025-01-01 20:03:41,0.7626546961481651,1.070467372009279,0.07145014674619604,0.9255475387591638,0,afib_miss
2025-01-01 20:03:42,0.8137252038074904,1.1149449061809624,0.042700945409142294,0.947213171916773,0,afib_miss
2025-01-01 20:03:43,0.767745682576207,0.981858071978017,0.033215806653219875,0.8938235920176179,0,afib_miss
2025-01-01 20:03:44,0.7905613626842114,0.9777248739299614,0.02910381611957933,0.8596097568835835,0,afib_miss
2025-01-01 20:03:45,0.8217790119393473,1.072669223855885,0.010672868212479966,0.9236769908950739,0,afib_miss
2025-01-01 20:03:46,0.8012856003819093,1.0789786072865357,0.09112414259880644,0.9560102236302171,0,afib_miss
2025-01-01 20:03:47,0.7784451044414139,0.9738569986423365,0.02793583268556634,0.9447789270587887,0,afib_miss
2025-01-01 20:03:48,0.7856939258148007,0.9789906591452071,0.04557492752828456,0.9241931883054926,0,afib_miss
2025-01-01 20:03:49,0.8135919549786935,0.9859107695569747,0.04446373400222159,0.910167276287359,0,afib_miss
2025-01-01 20:03:50,0.7853926673656573,0.9327774744482862,0.05614813395618202,0.9361424519327463,0,afib_miss
2025-01-01 20:03:51,0.8043291717916395,0.95406740267579,0.06631474425078594,0.9005290760059107,0,afib_miss
2025-01-01 20:03:52,0.8009114367980763,0.9497929616623966,0.06720946976719491,0.9295271553871244,0,afib_miss
2025-01-01 20:03:53,0.7869679930478837,0.9616101217447935,0.038338451228621236,0.9301094031833326,0,afib_miss
2025-01-01 20:03:54,0.8428788817865066,0.9982657556306609,0.04665756572427177,0.9412041981499777,0,afib_miss
2025-01-01 20:03:55,0.8126783804463603,1.011710736626826,0.055651599009766,0.9751932007782216,0,afib_miss
2025-01-01 20:03:56,0.7594971482668479,1.0775250246407038,0.04502617747632906,0.9278483193435754,0,afib_miss
2025-01-01 20:03:57,0.8037290862953886,0.9500822979630604,0.08214691152039985,0.9098207274858501,0,afib_miss
2025-01-01 20:03:58,0.7867642707046323,1.0492161199238292,0.05981949903276503,0.9194885137561601,0,afib_miss
2025-01-01 20:03:59,0.8170486666959246,0.9893005577887245,0.06469755572099635,0.8846184819022177,0,afib_miss
2025-01-01 20:04:00,0.784149585231346,0.9975268145173783,0.06325762537334825,0.9061057373782189,0,afib_miss
2025-01-01 20:04:01,0.797705271170662,1.0337409746083301,0.0734694771497065,0.9118143512377379,0,afib_miss
2025-01-01 20:04:02,0.8100997455796092,0.943863898921885,0.05362043117407414,0.9095182320413082,0,afib_miss
2025-01-01 20:04:03,0.8173151038834024,1.0191204873092026,0.02406336104088307,0.9230470974406745,0,afib_miss
2025-01-01 20:04:04,0.7759940718588845,1.0083226104106529,0.057993759035052835,0.903551601352356,0,afib_miss
2025-01-01 20:04:05,0.793309975283181,1.0246225632004076,0.036972862124163425,0.9424206133464895,0,afib_miss
2025-01-01 20:04:06,0.7905010937767809,1.014458432195391,0.03942766636500487,0.9200041412983639,0,afib_miss
2025-01-01 20:04:07,0.7869334153485258,1.1227650069955448,0.06172728037510187,0.9198139935772277,0,afib_miss
2025-01-01 20:04:08,0.8353090848056219,0.9681130007874342,0.07476566142867272,0.9134421056697417,0,afib_miss
2025-01-01 20:04:09,0.8080996342192192,0.9734501522499092,0.05042543153472123,0.9231038136771796,0,afib_miss
2025-01-01 20:04:10,0.7747823209132991,0.9688429736787618,0.05617666025197928,0.9365019652933527,0,afib_miss
2025-01-01 20:04:11,0.8183572389410956,0.9722261440419873,0.08404429889270476,0.9026573956857821,0,afib_miss
2025-01-01 20:04:12,0.8424431239402527,0.9681306436346742,0.05481506358977137,0.9068376702184949,0,afib_miss
2025-01-01 20:04:13,0.820649305211023,1.0594508265553775,0.1020336622836079,0.9139254794244668,0,afib_miss
2025-01-01 20:04:14,0.7696126006809197,1.0710252123994928,0.06131019291263089,0.8930825815305358,0,afib_miss
2025-01-01 20:04:15,0.790315318542675,0.9714626853125262,0.014784744816883647,0.9036148428055701,0,afib_miss
2025-01-01 20:04:16,0.8253382229837325,0.9583822213447886,0.06506683242209066,0.9104755825291069,0,afib_miss
2025-01-01 20:04:17,0.7858466106876244,1.0235707778193202,0.05762316769765556,0.9374877836142546,0,afib_miss
2025-01-01 20:04:18,0.8088763885629247,0.9723888477859515,0.07579505508165492,0.9252512265800386,0,afib_miss
2025-01-01 20:04:19,0.8154926810685867,1.0316465908877754,0.06346362702539918,0.9238717982273509,0,afib_miss
2025-01-01 20:04:20,0.7814613905684384,1.0101461510425649,0.04723088032032453,0.9370179592433595,0,afib_miss
2025-01-01 20:04:21,0.798809492878764,0.9242127942501384,0.025514035274212688,0.9172525642320121,0,afib_miss
2025-01-01 20:04:22,0.7351746531986186,1.077375260066503,0.045819534854279496,0.9278092969985778,0,afib_miss
2025-01-01 20:04:23,0.7795122471733142,1.089793883654776,0.032989590915814,0.9179355649413501,0,afib_miss
2025-01-01 20:04:24,0.7949486369721368,0.9693605654757806,0.03838953100390555,0.9253072469879926,0,afib_miss
2025-01-01 20:04:25,0.775044336360703,0.9806149220032008,0.06177156808841219,0.9083448268477684,0,afib_miss
2025-01-01 20:04:26,0.8326482260786328,1.0142932695362452,0.08339809008702813,0.8712236568344714,0,afib_miss
2025-01-01 20:04:27,0.7713971724407874,1.0167228394993513,0.05789343059645963,0.917314416756274,0,afib_miss
2025-01-01 20:04:28,0.7911991102660604,1.0329272136336416,0.026082338759296317,0.9484549627219988,0,afib_miss
2025-01-01 20:04:29,0.8026148115457219,1.1005102269383176,0.05889205336440281,0.9385243080448319,0,afib_miss
2025-01-01 20:04:30,0.8288254657813223,0.9911526386252976,0.07393262973291302,0.9393079496918234,0,afib_miss
2025-01-01 20:04:31,0.7712827569764112,0.9600851377730774,0.03780434191361236,0.9447226144361244,0,afib_miss
2025-01-01 20:04:32,0.8232632750430993,0.9310340385992737,0.04731965666654165,0.9217731518192288,0,afib_miss
2025-01-01 20:04:33,0.8002046612203918,0.963453498002904,0.05029376389458395,0.9239463141481119,0,afib_miss
2025-01-01 20:04:34,0.780369826979041,0.9983436513563101,0.034302033738355206,0.907646962091313,0,afib_miss
2025-01-01 20:04:35,0.8092420694852654,1.0897278931758894,0.06296560867687719,0.913678542879459,0,afib_miss
2025-01-01 20:04:36,0.8039811939114695,0.9741194350481914,0.04758103702784437,0.9323154229954229,0,afib_miss
2025-01-01 20:04:37,0.7879956624568242,1.011189397581945,0.05839064887814056,0.9440776887433764,0,afib_miss
2025-01-01 20:04:38,0.8013960416998004,0.9991788551963624,0.032250156443958,0.9172110744863801,0,afib_miss
2025-01-01 20:04:39,0.7922937280627649,1.0594196636724043,0.04125083399353179,0.9109962147029718,0,afib_miss
2025-01-01 20:04:40,0.802270346905025,1.126346621293681,0.06444762715655543,0.920010559177132,0,afib_miss
2025-01-01 20:04:41,0.8132426134904209,0.973456561353984,0.04254333695816466,0.9320241349785824,0,afib_miss
2025-01-01 20:04:42,0.8317203363229071,0.9755280278740889,0.0845392770246681,0.8911229036773292,0,afib_miss
2025-01-01 20:04:43,0.775243690023463,1.0522080438534536,0.04200727628770796,0.8740763809372553,0,afib_miss
2025-01-01 20:04:44,0.8426606674931254,1.0340945744813155,0.05449369451503772,0.9089892630101684,0,afib_miss
2025-01-01 20:04:45,0.76095824400955,1.0923353662868016,0.0686518166374618,0.8955857514817168,0,afib_miss
2025-01-01 20:04:46,0.7969642980992884,1.0291964092662982,0.02163268534133937,0.9098371960470538,0,afib_miss
2025-01-01 20:04:47,0.8117663441296916,0.982035395460647,0.014783823760384486,0.9170443936236506,0,afib_miss
2025-01-01 20:04:48,0.8056198373547007,1.0295327415346154,0.019486873708598106,0.9109350318195397,0,afib_miss
2025-01-01 20:04:49,0.7875460096035881,1.0554351790291454,0.07525168206854364,0.949049350689415,0,afib_miss
2025-01-01 20:04:50,0.7958375549928546,1.0410241090598682,0.038962837082151064,0.9265348952920465,0,afib_miss
2025-01-01 20:04:51,0.7901399813068234,1.025363701555365,0.10116398571336505,0.9260094871922167,0,afib_miss
2025-01-01 20:04:52,0.7882127048611158,1.0533337344794578,0.03871504802685223,0.9324441428808681,0,afib_miss
2025-01-01 20:04:53,0.8169920419404205,1.0584647795222837,0.053691026063940744,0.8972233376443847,0,afib_miss
2025-01-01 20:04:54,0.807140309719301,1.0691079495518763,0.08084219905135752,0.9407822357484054,0,afib_miss
2025-01-01 20:04:55,0.786141808094787,1.0324354943794822,0.09012185776318246,0.9184847142692908,0,afib_miss
2025-01-01 20:04:56,0.817991997508665,0.9916440959841573,0.09123007153272797,0.9334096123448243,0,afib_miss
2025-01-01 20:04:57,0.8061459904175322,1.007335684321666,0.07416732461186284,0.8985628553391969,0,afib_miss
2025-01-01 20:04:58,0.8162572423767792,1.0603254483254179,0.07048125051622925,0.8889248246796787,0,afib_miss
2025-01-01 20:04:59,0.8125925768384723,0.9591532164506382,0.061850538984023665,0.9363577931605006,0,afib_miss
2025-01-01 20:05:00,0.7834200997815586,1.018433665443645,0.06556722152333276,0.9275281905219503,0,afib_miss
2025-01-01 20:05:01,0.7887963791960606,0.9803330593836319,0.03897628567342933,0.9019589689128499,0,afib_miss
2025-01-01 20:05:02,0.8149458721024653,1.001437241146741,0.033636022331553855,0.9026067383745061,0,afib_miss
2025-01-01 20:05:03,0.8122074053086693,1.0639225931303649,0.049932510851780965,0.9425086956882954,0,afib_miss
2025-01-01 20:05:04,0.7995819681207171,1.009554953400995,0.046596307549501434,0.8962117621426535,0,afib_miss
2025-01-01 20:05:05,0.8023465476661756,1.0023218274078074,0.0409354390134545,0.9528534590651193,0,afib_miss
2025-01-01 20:05:06,0.8255532979157686,0.9320071929510041,0.0639277489491343,0.9019875853070427,0,afib_miss
2025-01-01 20:05:07,0.7881685722232834,1.037312678301361,0.06910610417141022,0.9327678385121677,0,afib_miss
2025-01-01 20:05:08,0.8109419476234008,1.0322742090570538,0.05176813772583695,0.9134276304850204,0,afib_miss
2025-01-01 20:05:09,0.7959561469513221,1.108162736165273,0.07955060162110524,0.9320637486216469,0,afib_miss
2025-01-01 20:05:10,0.7956463759354556,0.98461108825235,0.0271662177173299,0.9091177199577162,0,afib_miss
2025-01-01 20:05:11,0.8219755370397438,1.010957516383197,0.04612681081440564,0.9167441418785541,0,afib_miss
2025-01-01 20:05:12,0.8165083269797606,1.0124691841855378,0.0356635535879439,0.9208183835079145,0,afib_miss
2025-01-01 20:05:13,0.8162701927200128,1.0788726639881738,0.012669267658538805,0.8999562508843706,0,afib_miss
2025-01-01 20:05:14,0.8261095761430867,0.9952352233806524,0.04834638628314602,0.9348164869084026,0,afib_miss
2025-01-01 20:05:15,0.8004200768326553,1.0139510762885169,0.04756504983233433,0.9097357286705683,0,afib_miss
2025-01-01 20:05:16,0.8136390594258993,1.030394825485827,0.08026899486484262,0.9154280016931997,0,afib_miss
2025-01-01 20:05:17,0.7937946648681309,1.0093304561578178,0.06261623369109555,0.9001130125078298,0,afib_miss
2025-01-01 20:05:18,0.8064833270497689,0.9776783192724736,0.029516263513415904,0.8687533268240938,0,afib_miss
2025-01-01 20:05:19,0.7973971389126464,1.0097044996449154,0.08708185132668378,0.9161794447479966,0,afib_miss
2025-01-01 20:05:20,0.8019399192998544,1.0536815874929886,0.07442067391050707,0.9682523084322584,0,afib_miss
2025-01-01 20:05:21,0.8119031405087384,0.948674235029447,0.06164195406937232,0.9356920857579605,0,afib_miss
2025-01-01 20:05:22,0.7836355863353306,1.0066484837073437,0.045470318023003366,0.9196147924053122,0,afib_miss
2025-01-01 20:05:23,0.8418477455137092,0.9649939592530413,0.030811215265530406,0.9147421834158347,0,afib_miss
2025-01-01 20:05:24,0.779879652370006,1.059752331446242,0.04255586447857894,0.920449317856241,0,afib_miss
2025-01-01 20:05:25,0.7757162277442454,0.9238406547608112,0.07177497239408373,0.9309423823035042,0,afib_miss
2025-01-01 20:05:26,0.8231622174700014,0.9720539076364206,0.08769172611869219,0.8963837436938231,0,afib_miss
2025-01-01 20:05:27,0.8158332538792588,1.018860593753226,0.08086487056544378,0.9422864338933775,0,afib_miss
2025-01-01 20:05:28,0.8124823963410431,1.078276201461717,0.04022301156427452,0.9343076263088249,0,afib_miss
2025-01-01 20:05:29,0.8125669101852856,0.9967124869463506,0.027607651334219777,0.9343637145141588,0,afib_miss
2025-01-01 20:05:30,0.7997550645430618,0.9722400236653401,0.05281772493822408,0.9287695147761946,0,afib_miss
2025-01-01 20:05:31,0.7820549125702834,1.0940578534720296,0.01463121268874297,0.9203923331538798,0,afib_miss
2025-01-01 20:05:32,0.8015160911638746,0.9275993049791877,0.05646335428369563,0.9334572247193365,0,afib_miss
2025-01-01 20:05:33,0.7864567657697578,0.8900597021689959,0.04704794827402663,0.9318362826748277,0,afib_miss
2025-01-01 20:05:34,0.8195023946683551,1.0220007225026666,0.040679269962635156,0.9129191857811796,0,afib_miss
2025-01-01 20:05:35,0.7970588523699573,0.9748972887823695,0.018105938654664096,0.908527964542062,0,afib_miss
2025-01-01 20:05:36,0.7834900560641498,0.9489383591434644,0.06027200213139433,0.9220371259052398,0,afib_miss
2025-01-01 20:05:37,0.7935722831669402,1.0354178223649677,0.039345983206761775,0.9509804030299038,0,afib_miss
2025-01-01 20:05:38,0.8082586290855125,1.01219003568856,0.02660166328579424,0.895217858486922,0,afib_miss
2025-01-01 20:05:39,0.7887255089439206,0.9717960684631636,0.0074452442656329845,0.8906494946849512,0,afib_miss
2025-01-01 20:05:40,0.7835555920886714,0.9359847800664552,0.04944970189898728,0.9232952168247304,0,afib_miss
2025-01-01 20:05:41,0.8048737442298383,1.0436228664140073,0.0854450319333949,0.9210177540371204,0,afib_miss
2025-01-01 20:05:42,0.8048993314221745,1.032510058897933,0.0832251842909574,0.9234668332874082,0,afib_miss
2025-01-01 20:05:43,0.7898611364925775,0.9950412068110308,0.040858074868274565,0.9248790639581701,0,afib_miss
2025-01-01 20:05:44,0.7905792338876336,1.0923318498023833,0.03795575879276439,0.9155359549073039,0,afib_miss
2025-01-01 20:05:45,0.8046409987471528,0.9464957616836924,0.05937548512150048,0.9497972687720417,0,afib_miss
2025-01-01 20:05:46,0.7710383131700536,0.923723741453763,0.030032291216234172,0.8879819204304698,0,afib_miss
2025-01-01 20:05:47,0.7718507245124689,0.9654045965059378,0.05603583799638932,0.9034300595043951,0,afib_miss
2025-01-01 20:05:48,0.7856311155749514,0.9977206991822251,0.06532160556769381,0.9179349047970191,0,afib_miss
2025-01-01 20:05:49,0.7957310569657631,1.0121669724661346,0.07453866447768616,0.8871362237769167,0,afib_miss
2025-01-01 20:05:50,0.8787641917035227,1.1113149360320913,0.398415378991378,0.9189916230588886,1,afib_miss
2025-01-01 20:05:51,0.5333927512844675,0.8179797915809266,0.5610401491788264,0.9301246394245356,1,afib_miss
2025-01-01 20:05:52,0.5200617221618873,0.30021187359849677,0.5682854599305353,0.8974719348039759,1,afib_miss
2025-01-01 20:05:53,1.1127974839926278,1.1667083056406606,0.46000033592346146,0.9035532386780616,1,afib_miss
2025-01-01 20:05:54,0.6577232290570798,0.32660319968344975,0.49929422165797227,0.8997538653147958,1,afib_miss
2025-01-01 20:05:55,0.49439630296497666,1.0318428754494924,0.3624881686729692,0.8800147099053004,1,afib_miss
2025-01-01 20:05:56,0.8689609482854194,0.5382260037274016,0.4883040277239863,0.8935912474683356,1,afib_miss
2025-01-01 20:05:57,0.8807809720247837,1.718384260688472,0.47891595928221864,0.8489183354561982,1,afib_miss
2025-01-01 20:05:58,0.9104077452898436,1.3474653167727628,0.791933080482188,0.877124684068149,1,afib_miss
2025-01-01 20:05:59,0.6206368006292325,1.059399254945884,0.38338082540173224,0.8797954437416236,1,afib_miss
2025-01-01 20:06:00,0.47096440923495597,1.474433475172511,0.645990377988275,0.8771387280281536,1,afib_miss
2025-01-01 20:06:01,1.156165536878182,0.7702470343936139,0.5847416437636244,0.8740616092871932,1,afib_miss
2025-01-01 20:06:02,0.6234499290146346,1.2000438410196062,0.4795788352435548,0.8759360187278142,1,afib_miss
2025-01-01 20:06:03,0.9312526360787621,1.1053838396809752,0.6935429563467345,0.8886546023265016,1,afib_miss
2025-01-01 20:06:04,0.9584437887493189,1.0879202437524231,0.5519474252025349,0.8969892810681969,1,afib_miss
2025-01-01 20:06:05,0.8689807825179232,1.5173295858098423,0.5332893684244286,0.8477432240990747,1,afib_miss
2025-01-01 20:06:06,0.6735170255857621,1.2225526208699673,0.49602774904274294,0.8276225673031498,1,afib_miss
2025-01-01 20:06:07,0.640019225650482,1.1911003036342989,0.6326756725959448,0.8289396726578325,1,afib_miss
2025-01-01 20:06:08,0.8703213198628689,0.41878149978787915,0.5783960062433575,0.8420673294495794,1,afib_miss
2025-01-01 20:06:09,1.0408067478510747,0.5924450415462854,0.42685121770345286,0.8426081896112334,1,afib_miss
2025-01-01 20:06:10,1.1132038137315559,0.9634570939870359,0.3839605741325598,0.8265483592201065,1,afib_miss
2025-01-01 20:06:11,0.5340940289075393,0.9986277481230839,0.4546161477970493,0.8072471533388349,1,afib_miss
2025-01-01 20:06:12,0.5874029009743048,0.6464608738135628,0.42586730220356794,0.8289294405024075,1,afib_miss
2025-01-01 20:06:13,1.13050079766986,1.8114556374873279,0.4665159064459964,0.8445382759903538,1,afib_miss
2025-01-01 20:06:14,1.0086383089845858,1.5084287476780114,0.6330724131170845,0.8534287734223032,1,afib_miss
2025-01-01 20:06:15,1.0527487261230801,1.1162643755900927,0.45355700484537137,0.815337609914288,1,afib_miss
2025-01-01 20:06:16,0.6092892566291539,1.002597585486857,0.46341502555073233,0.8161527789035362,1,afib_miss
2025-01-01 20:06:17,0.8649769498913484,0.8045328942031491,0.529097060569983,0.7972241763627215,1,afib_miss
2025-01-01 20:06:18,0.9845937747565849,0.5876333978179313,0.5701512566845676,0.8205643625771989,1,afib_miss
2025-01-01 20:06:19,0.9099123541057779,1.0651389142888168,0.25910601786125187,0.7925370907230193,1,afib_miss
2025-01-01 20:06:20,0.7189117467630732,1.1295033969825043,0.4433413544680892,0.8316661962062812,1,afib_miss
2025-01-01 20:06:21,0.4487885712750355,0.5866566766706797,0.5441011162165216,0.7573787791113235,1,afib_miss
2025-01-01 20:06:22,0.8155703252767881,1.0686129388792536,0.5996914592631182,0.7966482957560744,1,afib_miss
2025-01-01 20:06:23,0.6166559769921109,0.943273765104239,0.45204335224633896,0.8129528181657021,1,afib_miss
2025-01-01 20:06:24,0.7499953190689493,0.33208722778838484,0.32092105940242405,0.8059170455399264,1,afib_miss
2025-01-01 20:06:25,1.1233145862881964,0.6409470117675471,0.5758332567418765,0.8776754320299677,1,afib_miss
2025-01-01 20:06:26,0.7361598418652475,0.9304079783907822,0.4399925922229816,0.8038608349078915,1,afib_miss
2025-01-01 20:06:27,1.0753845414494165,1.7045587945978502,0.3736927773092974,0.7597276083258955,1,afib_miss
2025-01-01 20:06:28,0.6009869007881968,1.183745384895332,0.4210136566157032,0.7834677308787852,1,afib_miss
2025-01-01 20:06:29,0.9091842755042722,0.5339257427647647,0.4832703418953425,0.7295266803477652,1,afib_miss
2025-01-01 20:06:30,1.1159365746802932,1.1805318416935506,0.4180827533064666,0.7768784899331574,1,afib_miss
2025-01-01 20:06:31,0.5311635540411859,0.35635686045035764,0.23787040395998524,0.7507872127623391,1,afib_miss
2025-01-01 20:06:32,0.4294192954186216,1.3665829997344456,0.5984378157718666,0.7997230147994682,1,afib_miss
2025-01-01 20:06:33,0.7901371301599172,0.8010071594638526,0.6455662009495962,0.7522575103550988,1,afib_miss
2025-01-01 20:06:34,0.5384266405503828,0.9171463334465445,0.5178935504231138,0.761723153179409,1,afib_miss
2025-01-01 20:06:35,0.9644855317312679,1.4499738119954688,0.36603681886331957,0.7426418074714358,1,afib_miss
2025-01-01 20:06:36,1.0559213741121738,0.6393770773379888,0.49223393182535213,0.8103564953294694,1,afib_miss
2025-01-01 20:06:37,0.7808921283794394,0.5430507782738034,0.5404977778712882,0.7450360838506335,1,afib_miss
2025-01-01 20:06:38,0.6288073526037563,0.7671812862897585,0.5602953131096992,0.8061324901988485,1,afib_miss
2025-01-01 20:06:39,0.7788386495440961,1.3920617369245687,0.5522739900472253,0.7720627438183219,1,afib_miss
2025-01-01 20:06:40,0.9245249193191134,0.5381966454124053,0.4229246913000536,0.7585826048351371,1,afib_miss
2025-01-01 20:06:41,0.4443504126471843,0.05497722480693945,0.5356970840243198,0.7516650094949026,1,afib_miss
2025-01-01 20:06:42,0.8627226666336517,0.8450759180528591,0.5328087568790334,0.7488993460821659,1,afib_miss
2025-01-01 20:06:43,0.8802437912964602,1.1607624410835435,0.6295983920816716,0.6757376618156116,1,afib_miss
2025-01-01 20:06:44,0.8873804633975699,1.4550027780892698,0.5607957835388317,0.7216837494317587,1,afib_miss
2025-01-01 20:06:45,0.631872454633564,0.8575677925411977,0.5598390965723777,0.7518874024521126,1,afib_miss
2025-01-01 20:06:46,0.9284844977770369,0.9007603485107857,0.510836069112832,0.7215481598726613,1,afib_miss
2025-01-01 20:06:47,0.5111264507318176,1.43562384707361,0.6735394836897416,0.6773417920330788,1,afib_miss
2025-01-01 20:06:48,0.5918951481609986,0.39806804087256953,0.5474378650582703,0.7144077659801634,1,afib_miss
2025-01-01 20:06:49,1.0745178093393124,0.8372559681079184,0.4088441389401172,0.7635854770454537,1,afib_miss
2025-01-01 20:06:50,0.9813385030703743,1.1325180647554867,0.6345007716342081,0.746351475084132,1,afib_miss
2025-01-01 20:06:51,0.43712904597118435,1.167106532684382,0.5385265110799696,0.7035670153974111,1,afib_miss
2025-01-01 20:06:52,0.5931810988441477,0.9253307010144545,0.47335779343009493,0.7304530260504362,1,afib_miss
2025-01-01 20:06:53,0.6256380745331854,0.9775949631925661,0.45049395931981967,0.6873967491879535,1,afib_miss
2025-01-01 20:06:54,0.6462107098654727,0.21588361646371612,0.5260479562422637,0.6437582242544949,1,afib_miss
2025-01-01 20:06:55,0.6083221084647895,0.7795085948562854,0.6101806308836557,0.6636228042757113,1,afib_miss
2025-01-01 20:06:56,0.5247914465304426,1.126157149213341,0.5257042847304344,0.7347258590351454,1,afib_miss
2025-01-01 20:06:57,0.7735718543036314,0.6320027963081462,0.5160950463423848,0.6761018155853219,1,afib_miss
2025-01-01 20:06:58,0.9864993760315922,1.004627112146643,0.6614685855335273,0.673502500719252,1,afib_miss
2025-01-01 20:06:59,0.8760625769304078,1.17761367260104,0.6301232294074237,0.6682912862725576,1,afib_miss
2025-01-01 20:07:00,0.9622251265162957,0.9062495541015572,0.5213289673372578,0.7308929419082958,1,afib_miss
2025-01-01 20:07:01,0.5419112418242316,1.0309773196518708,0.565365498510401,0.7190300237422689,1,afib_miss
2025-01-01 20:07:02,1.1110642141541696,0.6618258725373366,0.4151321883387501,0.7332970753451525,1,afib_miss
2025-01-01 20:07:03,1.0563757027092044,1.0347995700369768,0.5264298232839011,0.6584447240900085,1,afib_miss
2025-01-01 20:07:04,1.0264707419386667,1.2999528178612634,0.7183965904976619,0.6685672271247245,1,afib_miss
2025-01-01 20:07:05,1.0534612946798843,1.0767567198226535,0.49979637177505565,0.6106816280399893,1,afib_miss
2025-01-01 20:07:06,1.0835988864813308,0.7966142295610324,0.4062901692249165,0.6969713493664628,1,afib_miss
2025-01-01 20:07:07,0.8446988054795572,1.0844773078376906,0.46041143837539616,0.6141123421051781,1,afib_miss
2025-01-01 20:07:08,0.6113659022443299,1.280789325359337,0.3923938064763092,0.6521314076163964,1,afib_miss
2025-01-01 20:07:09,0.8465737357683165,0.23138092423796253,0.43857928268967405,0.6091914769348338,1,afib_miss
2025-01-01 20:07:10,0.9463518753142418,1.392807095863397,0.4726438464868866,0.6209269600219598,1,afib_miss
2025-01-01 20:07:11,0.9257575317926158,0.7988816377677453,0.3425161649823183,0.6099575039529311,1,afib_miss
2025-01-01 20:07:12,0.809626180227925,1.1688826327643445,0.4886908367486111,0.6133215311244492,1,afib_miss
2025-01-01 20:07:13,0.5122719486494239,1.4513962202609667,0.610826933730288,0.6118665199105559,1,afib_miss
2025-01-01 20:07:14,0.7398261979430101,0.49575488285436825,0.40252887534317716,0.6080745492175743,1,afib_miss
2025-01-01 20:07:15,1.0960185215327458,0.8303949873148603,0.643855423099337,0.6460050424790373,1,afib_miss
2025-01-01 20:07:16,0.8916865477416241,0.8377196732933863,0.5319767572657724,0.5843415533940541,1,afib_miss
2025-01-01 20:07:17,0.7992303311147015,0.6524675235959592,0.611530039874275,0.620586092056647,1,afib_miss
2025-01-01 20:07:18,0.6041298112804324,1.6184503924708815,0.47546704299964915,0.6469910358756994,1,afib_miss
2025-01-01 20:07:19,0.7068032899636729,0.7524846822912303,0.5641018644215761,0.5915387824314323,1,afib_miss
2025-01-01 20:07:20,1.0844235713860046,0.8897550117524902,0.39129099909392384,0.5818795187047077,1,afib_miss
2025-01-01 20:07:21,0.9158702383069032,1.048591947917595,0.6172691611919595,0.5929837587320297,1,afib_miss
2025-01-01 20:07:22,0.9598220767258354,0.6331817075449337,0.5155911061544388,0.63177366579856,1,afib_miss
2025-01-01 20:07:23,0.7662593953571029,0.8595863274102723,0.5643725579234731,0.598687550536641,1,afib_miss
2025-01-01 20:07:24,0.8650836636092136,1.1024772764405204,0.36119266887457724,0.5734103048301138,1,afib_miss
2025-01-01 20:07:25,0.6372619770968461,0.9276818553404548,0.41905915771649255,0.6003454452642845,1,afib_miss
2025-01-01 20:07:26,0.9511545461203774,0.999930743305689,0.5559799365252475,0.5492427932938521,1,afib_miss
2025-01-01 20:07:27,0.7305233378657889,0.7359141527938577,0.42487979949117716,0.5992347551625347,1,afib_miss
2025-01-01 20:07:28,0.7495045220235881,0.5437624092730263,0.5700683502412074,0.5875346011406009,1,afib_miss
2025-01-01 20:07:29,0.8833413567660382,1.181562191676106,0.41507749219434775,0.5625245398356827,1,afib_miss
2025-01-01 20:07:30,1.1041428530827853,1.582948440001058,0.5964100847309384,0.5430836320767338,1,afib_miss
2025-01-01 20:07:31,0.5139072890360595,1.0262307474460737,0.3832635948547924,0.5381231904219486,1,afib_miss
2025-01-01 20:07:32,1.0076057452161944,1.1035439503507793,0.559117679799499,0.577250550241131,1,afib_miss
2025-01-01 20:07:33,0.664749107598892,1.2554866525820962,0.5554997675083864,0.5945578572857272,1,afib_miss
2025-01-01 20:07:34,0.7501384657870156,0.5282190685163843,0.43709249502627634,0.5350516218604929,1,afib_miss
2025-01-01 20:07:35,0.4494818734972595,1.5622989619484593,0.5522946285056922,0.5644048674382028,1,afib_miss
2025-01-01 20:07:36,0.658591647284928,1.0695373751984085,0.5294134458587479,0.4845248678338978,1,afib_miss
2025-01-01 20:07:37,0.781137023392704,1.6297863656441562,0.47246776509288535,0.5260795585325454,1,afib_miss
2025-01-01 20:07:38,0.47825026803626375,0.7706184592963252,0.37901368028678634,0.5391687345264359,1,afib_miss
2025-01-01 20:07:39,0.7698094527164386,1.6177909562909334,0.326535002055323,0.5092924120634094,1,afib_miss
2025-01-01 20:07:40,1.138271942859227,1.3098893584445914,0.5613073060767667,0.504970135389478,1,afib_miss
2025-01-01 20:07:41,0.5244805237148982,1.0511368990168217,0.3411583523239729,0.5095143519994008,1,afib_miss
2025-01-01 20:07:42,0.9711139994930013,1.139346844042207,0.467097321963959,0.53479593260356,1,afib_miss
2025-01-01 20:07:43,0.7410493355778793,0.8260292947350377,0.46149873864988644,0.5168926922618791,1,afib_miss
2025-01-01 20:07:44,0.90637503917322,1.4020640333956988,0.5938541684750418,0.4518480378746227,1,afib_miss
2025-01-01 20:07:45,0.6277462265989961,0.9931424597155093,0.46933808880503597,0.4518563823556214,1,afib_miss
2025-01-01 20:07:46,0.5739279177798193,0.24679152995845144,0.44706917671939267,0.4937538436592596,1,afib_miss
2025-01-01 20:07:47,0.5774739841908048,0.6670260777714753,0.5630915720042653,0.522172808636883,1,afib_miss
2025-01-01 20:07:48,0.48873433899799074,0.9115689266669439,0.5503182034385028,0.4224994778338209,1,afib_miss
2025-01-01 20:07:49,0.5684363286179765,1.12582483819448,0.5425502670823055,0.48641512989133057,1,afib_miss
2025-01-01 20:07:50,0.9094525355492449,0.9778479999410773,0.5421481169974588,0.4821020115406583,1,afib_miss
2025-01-01 20:07:51,1.021145004995744,1.450491817788938,0.3391062994429957,0.5360219926427359,1,afib_miss
2025-01-01 20:07:52,0.9895841586698423,0.3209554421394941,0.5678437050178218,0.47930361700539803,1,afib_miss
2025-01-01 20:07:53,0.9569315022610294,0.9861061665673776,0.5427986757113902,0.4988263529593133,1,afib_miss
2025-01-01 20:07:54,0.5602016586577976,0.41352061208685276,0.43063920093173913,0.48805680968001086,1,afib_miss
2025-01-01 20:07:55,0.6474504916160374,1.2412114742613933,0.46914554324835306,0.41638451314347247,1,afib_miss
2025-01-01 20:07:56,0.6783959519868437,0.8891103550123114,0.5204124416537468,0.4998301360969421,1,afib_miss
2025-01-01 20:07:57,0.6311948655692057,1.1254577321601458,0.5169766425982758,0.4797282268219801,1,afib_miss
2025-01-01 20:07:58,0.872081577965911,0.7726789533252973,0.5533522146198127,0.4849968029088307,1,afib_miss
2025-01-01 20:07:59,0.8472791686444624,1.4903238131858876,0.6345042719287574,0.5840182869719843,1,afib_miss
2025-01-01 20:08:00,0.6972618307901619,1.347171025700205,0.6162512745740151,0.4001901796542383,1,afib_miss
2025-01-01 20:08:01,0.6785416023034967,1.1867776208382392,0.3682941685290411,0.5109368793923308,1,afib_miss
2025-01-01 20:08:02,0.9978599921291056,0.9385872110369267,0.5441329618160022,0.44705496637778835,1,afib_miss
2025-01-01 20:08:03,1.0065742665411244,1.3067874490313383,0.6393805175879731,0.4607806711521908,1,afib_miss
2025-01-01 20:08:04,0.650330067270836,0.7716843738160055,0.5151000562457242,0.4472778487213648,1,afib_miss
2025-01-01 20:08:05,1.061206836519328,1.3209465630168027,0.632851630287828,0.4323985381387623,1,afib_miss
2025-01-01 20:08:06,1.1040390542169036,1.6288324857149645,0.6919346986241086,0.4245130523538423,1,afib_miss
2025-01-01 20:08:07,0.6570888193487407,1.3866531539440408,0.6063941477281549,0.4479757143284968,1,afib_miss
2025-01-01 20:08:08,0.7318402968565898,0.7316870282763716,0.5305966169950957,0.3890576534214577,1,afib_miss
2025-01-01 20:08:09,0.8215767025343602,1.1166785685913372,0.5993307479343939,0.45357265140756253,1,afib_miss
2025-01-01 20:08:10,1.1086251159472391,0.54382039671377,0.5262226593391947,0.41505185629565344,1,afib_miss
2025-01-01 20:08:11,1.0930224859774187,1.1984754970859943,0.4928922311960451,0.3901180203313019,1,afib_miss
2025-01-01 20:08:12,0.5233449399614654,1.1940926716837374,0.48228452237777164,0.4070021268229397,1,afib_miss
2025-01-01 20:08:13,0.7076858362634261,0.34816157545410753,0.6294217422782759,0.4546994011289928,1,afib_miss
2025-01-01 20:08:14,0.8678223143702335,0.6300076584914518,0.4206847249967281,0.39740728407293036,1,afib_miss
2025-01-01 20:08:15,0.8129709316597713,0.8968655571342524,0.6920153524489773,0.4207033572900072,1,afib_miss
2025-01-01 20:08:16,0.5649592244692958,0.8986308480165154,0.5299797858819257,0.3845034725325559,1,afib_miss
2025-01-01 20:08:17,1.047364966256036,0.4767730383768128,0.3465144831093088,0.4256522283620302,1,afib_miss
2025-01-01 20:08:18,0.906346183030091,1.1819589390083882,0.5470430862923205,0.41996221708832926,1,afib_miss
2025-01-01 20:08:19,1.008879867776976,1.1053401869240789,0.29358898487362955,0.45133766198381703,1,afib_miss
2025-01-01 20:08:20,1.0696585464952633,0.9819063093005009,0.5695634036685748,0.38709489068024966,1,afib_miss
2025-01-01 20:08:21,1.0120374303754205,0.5906602060348884,0.5983068909018524,0.40890386524826483,1,afib_miss
2025-01-01 20:08:22,0.7294760693984192,1.4714662294848337,0.45345883380603,0.3882686593519975,1,afib_miss
2025-01-01 20:08:23,0.8886421132446086,1.5724130081731444,0.5345487664346827,0.4206851986820211,1,afib_miss
2025-01-01 20:08:24,0.5492429329013837,0.8861626214905878,0.703612116513599,0.3567264856581703,1,afib_miss
2025-01-01 20:08:25,0.9118092845571415,0.7337462826395362,0.44460017648143546,0.3971240287330522,1,afib_miss
2025-01-01 20:08:26,0.5636294005327191,1.2025613781473272,0.40756071531839455,0.3654153625235347,1,afib_miss
2025-01-01 20:08:27,0.9184848979635134,0.822018938929872,0.6861639789441643,0.3658130481540817,1,afib_miss
2025-01-01 20:08:28,0.6116891450866746,0.9200225317330778,0.693606044125428,0.3669736800610894,1,afib_miss
2025-01-01 20:08:29,0.5156669077769332,1.3545801707969742,0.48087898109137195,0.36827072948074,1,afib_miss
2025-01-01 20:08:30,0.571108279615667,0.3221912493342802,0.623287916926575,0.3536990583545825,1,afib_miss
2025-01-01 20:08:31,0.45038973246436653,1.4722774573574204,0.6317399682740162,0.3601097372036586,1,afib_miss
2025-01-01 20:08:32,0.948338771560143,1.0689415700497071,0.3822981858258809,0.39749429549570975,1,afib_miss
2025-01-01 20:08:33,0.9445294611000334,0.8807614938018671,0.4684178500062216,0.37619665639760225,1,afib_miss
2025-01-01 20:08:34,0.798917918327915,0.9762889912796716,0.6123808875963951,0.3691902156643541,1,afib_miss
2025-01-01 20:08:35,0.5780617852552838,1.005098324380493,0.6666907622247678,0.32593180416903267,1,afib_miss
2025-01-01 20:08:36,0.5185063800099705,0.5142503230561899,0.5629276926288158,0.30940317716320054,1,afib_miss
2025-01-01 20:08:37,0.44383917161013,1.5203474397569532,0.4158285582453759,0.3612218308174844,1,afib_miss
2025-01-01 20:08:38,0.5680103699842391,1.0245189236304648,0.712895147512725,0.35532662990654706,1,afib_miss
2025-01-01 20:08:39,1.0886266169556387,1.207583465456962,0.43819318280740666,0.36970775846348425,1,afib_miss
2025-01-01 20:08:40,0.5856876835687499,1.3883187163488142,0.4767483378463765,0.30389063147217943,1,afib_miss
2025-01-01 20:08:41,0.7088571328996497,0.701944655131914,0.5290428498972838,0.3116060026507474,1,afib_miss
2025-01-01 20:08:42,0.5104893639580164,1.1976516757637894,0.6701922516892275,0.2657903494960963,1,afib_miss
2025-01-01 20:08:43,0.6170648866955825,0.8491753725488981,0.5977049473354834,0.2996831532503347,1,afib_miss
2025-01-01 20:08:44,0.7981920164152934,1.3780413479408276,0.5227777759952992,0.3378368138098457,1,afib_miss
2025-01-01 20:08:45,0.8393292361536665,0.19815313322604222,0.5680484953353113,0.2904272491759179,1,afib_miss
2025-01-01 20:08:46,0.5891957711586846,0.9804487681775075,0.4936321979620657,0.32011891646909,1,afib_miss
2025-01-01 20:08:47,0.49137421039080975,0.7512989779746456,0.5719751074174735,0.2916718414934325,1,afib_miss
2025-01-01 20:08:48,0.7289174584236087,1.1480851153923048,0.2543897384985965,0.3035910575803152,1,afib_miss
2025-01-01 20:08:49,0.5958560271463458,1.1809535860940448,0.5071029276289226,0.2559210170994999,1,afib_miss
2025-01-01 20:08:50,0.6164595954364089,0.7683987975848047,0.519662873844241,0.28939045434328836,1,afib_miss
2025-01-01 20:08:51,1.0886735606540394,0.7718351852501489,0.3779122557156854,0.19358250378755115,1,afib_miss
2025-01-01 20:08:52,0.8800887441750606,1.041952684457867,0.5382439396634013,0.27419211023001483,1,afib_miss
2025-01-01 20:08:53,0.8155945862252181,0.7088519355153762,0.4734892822447023,0.2273672097237217,1,afib_miss
2025-01-01 20:08:54,0.7280058503102822,1.282486461643712,0.69154640787039,0.3089436545918819,1,afib_miss
2025-01-01 20:08:55,0.7512090068274293,0.9189818382578117,0.6249757603527539,0.29256845173871426,1,afib_miss
2025-01-01 20:08:56,0.8114252353809777,0.04202764768365763,0.43234579470525664,0.2797287726750628,1,afib_miss
2025-01-01 20:08:57,0.9298097540406787,0.8074318894255182,0.46356017041174663,0.30784124209116326,1,afib_miss
2025-01-01 20:08:58,0.9616281235115696,0.6663796661971024,0.5116113952786323,0.2302259717119383,1,afib_miss
2025-01-01 20:08:59,0.5586478980033518,0.46411210170421413,0.48904631983567626,0.3075967753344517,1,afib_miss
2025-01-01 20:09:00,0.8167927686949417,0.5520225014541,0.5174135140320633,0.27962403838509803,1,afib_miss
2025-01-01 20:09:01,0.715776529430719,1.1070783058071205,0.4207953586474408,0.2410440449010196,1,afib_miss
2025-01-01 20:09:02,1.0699649599468746,1.4575215105352546,0.388339509768511,0.2786917199933777,1,afib_miss
2025-01-01 20:09:03,0.9208246172660215,1.11589338852632,0.5855086884421907,0.2079167222658419,1,afib_miss
2025-01-01 20:09:04,0.7733199564886415,0.7790702229102976,0.5444058957383696,0.21285251485266224,1,afib_miss
2025-01-01 20:09:05,0.5148383444158326,1.1603454206888193,0.42433580368869644,0.21581266006160296,1,afib_miss
2025-01-01 20:09:06,0.8854879650699988,0.7845046370785927,0.6090394956719085,0.21468343257717504,1,afib_miss
2025-01-01 20:09:07,0.5279818262553035,0.6848873266631846,0.4468641104822638,0.19533844659658944,1,afib_miss
2025-01-01 20:09:08,0.6934675203634527,0.6756983192797041,0.529108156135773,0.2602100799525583,1,afib_miss
2025-01-01 20:09:09,0.5379096716357159,0.34451185022098196,0.6020553231125885,0.21223436798890505,1,afib_miss
2025-01-01 20:09:10,0.8017317957494581,0.9504303825271846,0.004064645859984742,0.9411987276809325,0,afib_miss
2025-01-01 20:09:11,0.7968864552921584,0.8923304943198143,0.06355750639061816,0.932340118991534,0,afib_miss
2025-01-01 20:09:12,0.8233556412331962,0.9680519126155249,0.036918486337451525,0.9336713864640096,0,afib_miss
2025-01-01 20:09:13,0.8050884168660243,0.933845510329625,0.013387342062870865,0.8926808857759894,0,afib_miss
2025-01-01 20:09:14,0.8067520532415041,1.0821007580068185,0.060224051990499614,0.944238879707728,0,afib_miss
2025-01-01 20:09:15,0.7917624606775507,1.0504908544671316,0.07747317090325916,0.9252250106246772,0,afib_miss
2025-01-01 20:09:16,0.7902478755185501,0.9655924827411138,0.047251029707446164,0.912614457215076,0,afib_miss
2025-01-01 20:09:17,0.7913488362436076,1.1126217902672155,0.06905749094405877,0.9228677693468451,0,afib_miss
2025-01-01 20:09:18,0.807889042847566,1.0490882743495797,0.08224556515977291,0.8844752953420336,0,afib_miss
2025-01-01 20:09:19,0.7915803103835948,0.9837584308245689,0.07629828907168096,0.9281730562296134,0,afib_miss
2025-01-01 20:09:20,0.8057954971379283,0.8750297142563214,0.08279929058742785,0.8994125698363586,0,afib_miss
2025-01-01 20:09:21,0.8415080159729088,1.1145471286295372,0.06484254982143785,0.8929465942831294,0,afib_miss
2025-01-01 20:09:22,0.8174224940686339,0.9305213766618202,0.05150867277803186,0.8895528162756422,0,afib_miss
2025-01-01 20:09:23,0.7934795293566432,0.9177300626521554,0.01796068376205663,0.9422537674997985,0,afib_miss
2025-01-01 20:09:24,0.824024278443279,1.051128521600482,0.04507875023740103,0.9074147321261443,0,afib_miss
2025-01-01 20:09:25,0.7918384925395691,1.1219876203169636,0.03313506809367617,0.95067455419833,0,afib_miss
2025-01-01 20:09:26,0.759237509296443,1.069213640925526,0.09341885434995628,0.9092839707389541,0,afib_miss
2025-01-01 20:09:27,0.7798382737816519,1.028195456002618,0.04648228375135327,0.8858528408481411,0,afib_miss
2025-01-01 20:09:28,0.7625841615794829,1.0297377170832642,0.05246409613568972,0.8976695112010269,0,afib_miss
2025-01-01 20:09:29,0.7929697303191738,1.0426707779390154,0.061029707520809356,0.9447162324001388,0,afib_miss
2025-01-01 20:09:30,0.800368367583791,1.0379464294893384,0.05087204892744908,0.9168820364412666,0,afib_miss
2025-01-01 20:09:31,0.8335287462455057,1.0140595711984688,0.08390102080861506,0.909034254070188,0,afib_miss
2025-01-01 20:09:32,0.8065385474752833,1.0052100551975938,0.037547012765310965,0.9232003645170558,0,afib_miss
2025-01-01 20:09:33,0.7956179894238228,0.9968703436050239,0.05389214910474486,0.9300356547233509,0,afib_miss
2025-01-01 20:09:34,0.8165881116236698,0.9623017705566662,0.035150588286039036,0.9423479763180492,0,afib_miss
2025-01-01 20:09:35,0.7557772938198424,0.9859662461566613,0.023599549775585885,0.9489699845978585,0,afib_miss
2025-01-01 20:09:36,0.8047122911621714,0.9153521592902307,0.03776461818189429,0.9128046270842183,0,afib_miss
2025-01-01 20:09:37,0.8154173038777394,0.9950830186602625,0.04925926405903176,0.8934790462783593,0,afib_miss
2025-01-01 20:09:38,0.7704282750844033,0.9505704446424541,0.04141395550965481,0.9117306967775345,0,afib_miss
2025-01-01 20:09:39,0.8228750808641386,0.9448205341392114,0.03615158040252288,0.9252056101316578,0,afib_miss
2025-01-01 20:09:40,0.8067699281498883,1.008994707557674,0.021873650726563325,0.9007248214757878,0,afib_miss
2025-01-01 20:09:41,0.791694241721984,1.06960011431723,0.04833788854742611,0.9008569817020992,0,afib_miss
2025-01-01 20:09:42,0.8126556373221258,1.0459158303001157,0.01990559251937996,0.9268757576309977,0,afib_miss
2025-01-01 20:09:43,0.845413857156088,0.9214749698188411,0.06520111927379206,0.919026952968591,0,afib_miss
2025-01-01 20:09:44,0.8036373251011699,0.9505185931714831,0.05164879505869007,0.9206559399082318,0,afib_miss
2025-01-01 20:09:45,0.8049644117260067,1.0470385593994107,0.020848970010701393,0.9048300933059986,0,afib_miss
2025-01-01 20:09:46,0.7908127820091951,0.9508756303230845,0.04381581845900273,0.9153919857158846,0,afib_miss
2025-01-01 20:09:47,0.7830031126107042,0.9887683425001488,0.03495687188818834,0.9015153371146339,0,afib_miss
2025-01-01 20:09:48,0.816606716330885,1.0275026049512277,0.05638349020838361,0.9378039682224958,0,afib_miss
2025-01-01 20:09:49,0.7828783234818227,0.9515827772568183,0.0768090089204629,0.9407049866944751,0,afib_miss
2025-01-01 20:09:50,0.8014313247443879,1.005268775307298,0.012496550607085113,0.8830762427552381,0,afib_miss
2025-01-01 20:09:51,0.7904468510646977,0.9332987252540897,0.052300521582948345,0.9014097827961518,0,afib_miss
2025-01-01 20:09:52,0.8095795965149278,0.9699316178024393,0.046797344088667196,0.8900694148981985,0,afib_miss
2025-01-01 20:09:53,0.806673242105739,1.0159890967071268,0.06342680152900931,0.9069995213118621,0,afib_miss
2025-01-01 20:09:54,0.820750798885158,0.9203503133234165,0.054263932564753786,0.9183312406041928,0,afib_miss
2025-01-01 20:09:55,0.7897996720229051,1.0220237368980198,0.03496061336522362,0.8910070956060294,0,afib_miss
2025-01-01 20:09:56,0.7946025012941326,0.9990181100536659,0.04361892128666764,0.9015628037374938,0,afib_miss
2025-01-01 20:09:57,0.780424725684354,1.0276244977208573,0.03407948286393022,0.8999208525583701,0,afib_miss
2025-01-01 20:09:58,0.7911141347984778,1.011195706703233,0.07152014277197197,0.9241453465879789,0,afib_miss
2025-01-01 20:09:59,0.8075460098608971,1.0682070214986923,0.050426232973438845,0.921386886740725,0,afib_miss
